trial,testing,parameters,initial_deadline,final_deadline,net_reward,actions,success
1,False,"{'a': 0.6, 'e': 0.7408182206817179}",20,15,-14.28983643851656,"{0: 4, 1: 0, 2: 0, 3: 1, 4: 0}",1
2,False,"{'a': 0.6, 'e': 0.5488116360940265}",20,0,-148.3712419749167,"{0: 10, 1: 1, 2: 6, 3: 1, 4: 2}",0
3,False,"{'a': 0.6, 'e': 0.40656965974059917}",25,15,-142.51645712858448,"{0: 5, 1: 0, 2: 1, 3: 1, 4: 3}",1
4,False,"{'a': 0.6, 'e': 0.30119421191220214}",25,0,-124.18462541533805,"{0: 16, 1: 3, 2: 3, 3: 1, 4: 2}",0
5,False,"{'a': 0.6, 'e': 0.22313016014842987}",20,12,16.09834698310538,"{0: 8, 1: 0, 2: 0, 3: 0, 4: 0}",1
6,False,"{'a': 0.6, 'e': 0.1652988882215866}",20,0,-153.03190152170913,"{0: 11, 1: 3, 2: 3, 3: 0, 4: 3}",1
7,False,"{'a': 0.6, 'e': 0.12245642825298195}",20,7,6.850351317297877,"{0: 12, 1: 0, 2: 1, 3: 0, 4: 0}",1
8,False,"{'a': 0.6, 'e': 0.09071795328941253}",35,21,-33.87682875630625,"{0: 12, 1: 0, 2: 1, 3: 0, 4: 1}",1
9,False,"{'a': 0.6, 'e': 0.06720551273974978}",25,0,-146.2184427959702,"{0: 18, 1: 0, 2: 4, 3: 0, 4: 3}",0
10,False,"{'a': 0.6, 'e': 0.04978706836786396}",20,8,-12.562460243174064,"{0: 10, 1: 0, 2: 1, 3: 1, 4: 0}",1
11,False,"{'a': 0.6, 'e': 0.036883167401240015}",20,0,-132.52787326199638,"{0: 14, 1: 2, 2: 0, 3: 1, 4: 3}",0
12,False,"{'a': 0.6, 'e': 0.02732372244729257}",20,0,-76.90581646477983,"{0: 16, 1: 1, 2: 1, 3: 0, 4: 2}",0
13,False,"{'a': 0.6, 'e': 0.020241911445804395}",30,0,-79.60600291192455,"{0: 26, 1: 0, 2: 1, 3: 1, 4: 2}",0
14,False,"{'a': 0.6, 'e': 0.014995576820477712}",30,18,-0.18655141986512813,"{0: 11, 1: 0, 2: 0, 3: 1, 4: 0}",1
15,False,"{'a': 0.6, 'e': 0.011108996538242311}",20,15,3.1692671095596627,"{0: 4, 1: 1, 2: 0, 3: 0, 4: 0}",1
16,False,"{'a': 0.6, 'e': 0.008229747049020032}",20,0,26.24906337645208,"{0: 20, 1: 0, 2: 0, 3: 0, 4: 0}",0
17,False,"{'a': 0.6, 'e': 0.006096746565515639}",20,0,-7.688147086707759,"{0: 16, 1: 3, 2: 0, 3: 1, 4: 0}",0
18,False,"{'a': 0.6, 'e': 0.00451658094261267}",20,0,-5.663164753177281,"{0: 17, 1: 2, 2: 0, 3: 1, 4: 0}",0
19,False,"{'a': 0.6, 'e': 0.0033459654574712746}",20,13,10.161154983809755,"{0: 7, 1: 0, 2: 0, 3: 0, 4: 0}",1
20,False,"{'a': 0.6, 'e': 0.00247875217666636}",20,0,-3.501272752432949,"{0: 17, 1: 2, 2: 1, 3: 0, 4: 0}",0
21,False,"{'a': 0.6, 'e': 0.0018363047770289078}",25,0,-19.949249817459794,"{0: 23, 1: 0, 2: 1, 3: 0, 4: 1}",0
22,False,"{'a': 0.6, 'e': 0.001360368037547894}",20,3,-43.56810238075349,"{0: 13, 1: 0, 2: 2, 3: 2, 4: 0}",1
23,False,"{'a': 0.6, 'e': 0.0010077854290485113}",30,0,30.910553936790272,"{0: 29, 1: 1, 2: 0, 3: 0, 4: 0}",0
24,False,"{'a': 0.6, 'e': 0.0007465858083766797}",20,0,-43.31643635115397,"{0: 17, 1: 0, 2: 2, 3: 0, 4: 1}",0
25,False,"{'a': 0.6, 'e': 0.0005530843701478338}",20,0,9.40372411058436,"{0: 18, 1: 2, 2: 0, 3: 0, 4: 0}",0
26,False,"{'a': 0.6, 'e': 0.0004097349789797869}",30,0,5.381993062732073,"{0: 27, 1: 1, 2: 2, 3: 0, 4: 0}",0
27,False,"{'a': 0.6, 'e': 0.00030353913807886683}",20,0,-70.0044747018802,"{0: 16, 1: 1, 2: 0, 3: 2, 4: 1}",0
28,False,"{'a': 0.6, 'e': 0.0002248673241788484}",25,20,8.009634281089616,"{0: 5, 1: 0, 2: 0, 3: 0, 4: 0}",1
29,False,"{'a': 0.6, 'e': 0.0001665858109876335}",30,0,36.32432293498073,"{0: 29, 1: 1, 2: 0, 3: 0, 4: 0}",0
30,False,"{'a': 0.6, 'e': 0.00012340980408667962}",20,0,-27.98142893242701,"{0: 17, 1: 0, 2: 1, 3: 2, 4: 0}",0
31,False,"{'a': 0.6, 'e': 9.142423147817339e-05}",25,16,-20.40067983492182,"{0: 8, 1: 0, 2: 0, 3: 0, 4: 1}",1
32,False,"{'a': 0.6, 'e': 6.772873649085391e-05}",20,0,-16.854237824295712,"{0: 19, 1: 0, 2: 0, 3: 0, 4: 1}",0
33,False,"{'a': 0.6, 'e': 5.017468205617533e-05}",20,6,-1.7721093660951122,"{0: 13, 1: 0, 2: 0, 3: 1, 4: 0}",1
34,False,"{'a': 0.6, 'e': 3.717031868412673e-05}",25,0,10.709427577337976,"{0: 24, 1: 0, 2: 0, 3: 1, 4: 0}",0
35,False,"{'a': 0.6, 'e': 2.7536449349747175e-05}",20,0,16.82884185313386,"{0: 19, 1: 0, 2: 1, 3: 0, 4: 0}",0
36,False,"{'a': 0.6, 'e': 2.039950341117195e-05}",25,11,12.839902122904217,"{0: 13, 1: 0, 2: 1, 3: 0, 4: 0}",1
37,False,"{'a': 0.6, 'e': 1.5112323819855039e-05}",20,0,-22.146672703611554,"{0: 18, 1: 1, 2: 0, 3: 0, 4: 1}",0
38,False,"{'a': 0.6, 'e': 1.1195484842590952e-05}",25,0,6.8622171187664005,"{0: 23, 1: 0, 2: 2, 3: 0, 4: 0}",0
39,False,"{'a': 0.6, 'e': 8.29381916075737e-06}",25,11,-22.589959219409657,"{0: 11, 1: 0, 2: 2, 3: 1, 4: 0}",1
40,False,"{'a': 0.6, 'e': 6.144212353328214e-06}",30,2,-38.06654417661258,"{0: 24, 1: 1, 2: 1, 3: 1, 4: 1}",1
41,False,"{'a': 0.6, 'e': 4.551744463083238e-06}",20,12,12.075927026983988,"{0: 8, 1: 0, 2: 0, 3: 0, 4: 0}",1
42,False,"{'a': 0.6, 'e': 3.372015234139186e-06}",20,0,23.972606438698538,"{0: 20, 1: 0, 2: 0, 3: 0, 4: 0}",0
43,False,"{'a': 0.6, 'e': 2.498050325866638e-06}",25,1,-29.60891029524726,"{0: 21, 1: 1, 2: 1, 3: 0, 4: 1}",1
44,False,"{'a': 0.6, 'e': 1.8506011975819082e-06}",20,0,7.458123769624462,"{0: 18, 1: 1, 2: 1, 3: 0, 4: 0}",0
45,False,"{'a': 0.6, 'e': 1.3709590863840855e-06}",35,0,-33.29473685364973,"{0: 30, 1: 2, 2: 2, 3: 0, 4: 1}",0
46,False,"{'a': 0.6, 'e': 1.0156314710024917e-06}",25,15,8.117714554665241,"{0: 9, 1: 1, 2: 0, 3: 0, 4: 0}",1
47,False,"{'a': 0.6, 'e': 7.523982992164216e-07}",25,0,-41.40067469734854,"{0: 22, 1: 0, 2: 1, 3: 1, 4: 1}",0
48,False,"{'a': 0.6, 'e': 5.573903692694603e-07}",30,0,-51.99352529981475,"{0: 27, 1: 1, 2: 0, 3: 0, 4: 2}",0
49,False,"{'a': 0.6, 'e': 4.1292494158732724e-07}",30,19,6.566385406126438,"{0: 10, 1: 0, 2: 1, 3: 0, 4: 0}",1
50,False,"{'a': 0.6, 'e': 3.0590232050182605e-07}",25,0,-60.936984675555344,"{0: 22, 1: 0, 2: 1, 3: 0, 4: 2}",0
51,False,"{'a': 0.6, 'e': 2.2661801277657136e-07}",20,0,18.189412689683287,"{0: 19, 1: 1, 2: 0, 3: 0, 4: 0}",0
52,False,"{'a': 0.6, 'e': 1.678827529995664e-07}",30,0,-60.383502673883406,"{0: 27, 1: 0, 2: 0, 3: 1, 4: 2}",0
53,False,"{'a': 0.6, 'e': 1.243706023602871e-07}",25,0,12.603094231928473,"{0: 24, 1: 0, 2: 0, 3: 1, 4: 0}",0
54,False,"{'a': 0.6, 'e': 9.213600834566136e-08}",20,0,-16.11091506859924,"{0: 19, 1: 0, 2: 0, 3: 0, 4: 1}",0
55,False,"{'a': 0.6, 'e': 6.825603376334877e-08}",30,7,2.2437328454785956,"{0: 21, 1: 0, 2: 1, 3: 1, 4: 0}",1
56,False,"{'a': 0.6, 'e': 5.0565313483355295e-08}",30,8,30.148610547581686,"{0: 22, 1: 0, 2: 0, 3: 0, 4: 0}",1
57,False,"{'a': 0.6, 'e': 3.745970556295255e-08}",20,0,26.641957909510403,"{0: 20, 1: 0, 2: 0, 3: 0, 4: 0}",0
58,False,"{'a': 0.6, 'e': 2.7750832422407556e-08}",30,0,13.549328641558484,"{0: 29, 1: 0, 2: 0, 3: 1, 4: 0}",0
59,False,"{'a': 0.6, 'e': 2.055832229760449e-08}",25,0,27.00485859357472,"{0: 25, 1: 0, 2: 0, 3: 0, 4: 0}",0
60,False,"{'a': 0.6, 'e': 1.5229979744712646e-08}",25,0,23.72965020686834,"{0: 24, 1: 0, 2: 1, 3: 0, 4: 0}",0
61,False,"{'a': 0.6, 'e': 1.1282646495496626e-08}",20,0,29.286343353960326,"{0: 20, 1: 0, 2: 0, 3: 0, 4: 0}",0
62,False,"{'a': 0.6, 'e': 8.35839010137463e-09}",25,12,23.70870416535432,"{0: 13, 1: 0, 2: 0, 3: 0, 4: 0}",1
63,False,"{'a': 0.6, 'e': 6.192047682664037e-09}",20,0,-30.3184566536862,"{0: 18, 1: 0, 2: 1, 3: 0, 4: 1}",0
64,False,"{'a': 0.6, 'e': 4.587181746647526e-09}",20,0,29.528833523383497,"{0: 20, 1: 0, 2: 0, 3: 0, 4: 0}",0
65,False,"{'a': 0.6, 'e': 3.398267819495075e-09}",20,0,23.537256782397108,"{0: 20, 1: 0, 2: 0, 3: 0, 4: 0}",0
66,False,"{'a': 0.6, 'e': 2.517498719438283e-09}",20,0,-24.682403059181198,"{0: 18, 1: 1, 2: 0, 3: 0, 4: 1}",0
67,False,"{'a': 0.6, 'e': 1.865008921902772e-09}",35,0,19.284619340015123,"{0: 32, 1: 2, 2: 0, 3: 1, 4: 0}",0
68,False,"{'a': 0.6, 'e': 1.3816325910795405e-09}",20,5,7.200171602051835,"{0: 14, 1: 0, 2: 1, 3: 0, 4: 0}",1
69,False,"{'a': 0.6, 'e': 1.0235385977594166e-09}",20,2,28.974738137925748,"{0: 18, 1: 0, 2: 0, 3: 0, 4: 0}",1
70,False,"{'a': 0.6, 'e': 7.582560427911916e-10}",30,20,19.834673393292668,"{0: 10, 1: 0, 2: 0, 3: 0, 4: 0}",1
71,False,"{'a': 0.6, 'e': 5.617298924417311e-10}",35,0,28.07221087541479,"{0: 34, 1: 0, 2: 1, 3: 0, 4: 0}",0
72,False,"{'a': 0.6, 'e': 4.1613973942241597e-10}",30,0,-5.3651786334322225,"{0: 28, 1: 0, 2: 1, 3: 1, 4: 0}",0
73,False,"{'a': 0.6, 'e': 3.0828390131386794e-10}",25,11,21.455058159716195,"{0: 14, 1: 0, 2: 0, 3: 0, 4: 0}",1
74,False,"{'a': 0.6, 'e': 2.2838233123615794e-10}",25,13,20.36543725404299,"{0: 12, 1: 0, 2: 0, 3: 0, 4: 0}",1
75,False,"{'a': 0.6, 'e': 1.6918979226151325e-10}",20,0,22.202257512687282,"{0: 19, 1: 1, 2: 0, 3: 0, 4: 0}",0
76,False,"{'a': 0.6, 'e': 1.2533888086068373e-10}",20,0,4.07638085109499,"{0: 19, 1: 0, 2: 0, 3: 1, 4: 0}",0
77,False,"{'a': 0.6, 'e': 9.285332670144955e-11}",25,14,19.4728403821316,"{0: 11, 1: 0, 2: 0, 3: 0, 4: 0}",1
78,False,"{'a': 0.6, 'e': 6.87874362713461e-11}",20,3,19.408475130772768,"{0: 16, 1: 1, 2: 0, 3: 0, 4: 0}",1
79,False,"{'a': 0.6, 'e': 5.095898614379568e-11}",20,0,19.5002727182281,"{0: 20, 1: 0, 2: 0, 3: 0, 4: 0}",0
80,False,"{'a': 0.6, 'e': 3.7751345442791035e-11}",30,3,17.34575766230987,"{0: 26, 1: 0, 2: 0, 3: 1, 4: 0}",1
81,False,"{'a': 0.6, 'e': 2.7966884559269335e-11}",20,14,10.525828232926088,"{0: 6, 1: 0, 2: 0, 3: 0, 4: 0}",1
82,False,"{'a': 0.6, 'e': 2.0718377657208917e-11}",20,0,-13.814508659550702,"{0: 19, 1: 0, 2: 0, 3: 0, 4: 1}",1
83,False,"{'a': 0.6, 'e': 1.5348551671425367e-11}",25,10,23.919925449123124,"{0: 15, 1: 0, 2: 0, 3: 0, 4: 0}",1
84,False,"{'a': 0.6, 'e': 1.1370486739266747e-11}",20,0,-18.4348541526798,"{0: 19, 1: 0, 2: 0, 3: 0, 4: 1}",0
85,False,"{'a': 0.6, 'e': 8.42346375446866e-12}",20,16,8.934929671859482,"{0: 4, 1: 0, 2: 0, 3: 0, 4: 0}",1
86,False,"{'a': 0.6, 'e': 6.240255430562415e-12}",20,0,6.280079115879239,"{0: 19, 1: 0, 2: 0, 3: 1, 4: 0}",0
87,False,"{'a': 0.6, 'e': 4.622894924668676e-12}",30,9,9.999127179886676,"{0: 19, 1: 1, 2: 1, 3: 0, 4: 0}",1
88,False,"{'a': 0.6, 'e': 3.424724792491593e-12}",20,0,6.421993359283672,"{0: 19, 1: 0, 2: 0, 3: 1, 4: 0}",0
89,False,"{'a': 0.6, 'e': 2.5370985270981874e-12}",20,3,16.7828805716458,"{0: 16, 1: 0, 2: 1, 3: 0, 4: 0}",1
90,False,"{'a': 0.6, 'e': 1.8795288165390865e-12}",20,0,-2.1691704763796524,"{0: 18, 1: 1, 2: 0, 3: 1, 4: 0}",0
91,False,"{'a': 0.6, 'e': 1.392389193588501e-12}",30,0,-15.620640388243004,"{0: 28, 1: 0, 2: 1, 3: 0, 4: 1}",0
92,False,"{'a': 0.6, 'e': 1.0315072848906854e-12}",25,0,27.994740623933552,"{0: 25, 1: 0, 2: 0, 3: 0, 4: 0}",0
93,False,"{'a': 0.6, 'e': 7.641593914129474e-13}",20,10,11.90375664446589,"{0: 10, 1: 0, 2: 0, 3: 0, 4: 0}",1
94,False,"{'a': 0.6, 'e': 5.661032006637641e-13}",20,1,22.826302319325176,"{0: 19, 1: 0, 2: 0, 3: 0, 4: 0}",1
95,False,"{'a': 0.6, 'e': 4.193795658379552e-13}",25,0,26.178371708294332,"{0: 25, 1: 0, 2: 0, 3: 0, 4: 0}",0
96,False,"{'a': 0.6, 'e': 3.1068402375434536e-13}",25,8,24.073323910698846,"{0: 17, 1: 0, 2: 0, 3: 0, 4: 0}",1
97,False,"{'a': 0.6, 'e': 2.301603856719307e-13}",20,11,14.852820857576425,"{0: 9, 1: 0, 2: 0, 3: 0, 4: 0}",1
98,False,"{'a': 0.6, 'e': 1.7050700738489767e-13}",20,9,17.34574309503133,"{0: 11, 1: 0, 2: 0, 3: 0, 4: 0}",1
99,False,"{'a': 0.6, 'e': 1.2631469782464442e-13}",30,21,-6.068636641765572,"{0: 8, 1: 0, 2: 0, 3: 1, 4: 0}",1
100,False,"{'a': 0.6, 'e': 9.357622968840194e-14}",35,20,25.511128543508793,"{0: 15, 1: 0, 2: 0, 3: 0, 4: 0}",1
101,False,"{'a': 0.6, 'e': 6.932297597586566e-14}",30,0,3.715599325707302,"{0: 26, 1: 3, 2: 0, 3: 1, 4: 0}",0
102,False,"{'a': 0.6, 'e': 5.135572371480227e-14}",20,11,15.28665210777864,"{0: 9, 1: 0, 2: 0, 3: 0, 4: 0}",1
103,False,"{'a': 0.6, 'e': 3.8045255864221723e-14}",20,0,-23.713964654020963,"{0: 18, 1: 0, 2: 1, 3: 0, 4: 1}",0
104,False,"{'a': 0.6, 'e': 2.818461875471343e-14}",30,4,38.62756032131246,"{0: 26, 1: 0, 2: 0, 3: 0, 4: 0}",1
105,False,"{'a': 0.6, 'e': 2.087967911645938e-14}",20,6,19.773874342394482,"{0: 14, 1: 0, 2: 0, 3: 0, 4: 0}",1
106,False,"{'a': 0.6, 'e': 1.546804673146066e-14}",25,0,-11.946560854555809,"{0: 24, 1: 0, 2: 0, 3: 0, 4: 1}",0
107,False,"{'a': 0.6, 'e': 1.1459010857022349e-14}",30,6,-8.747160657691607,"{0: 23, 1: 0, 2: 0, 3: 0, 4: 1}",1
108,False,"{'a': 0.6, 'e': 8.489044033871783e-15}",25,13,-2.2006838440358334,"{0: 11, 1: 0, 2: 0, 3: 1, 4: 0}",1
109,False,"{'a': 0.6, 'e': 6.288838496461647e-15}",30,19,21.763733913055006,"{0: 11, 1: 0, 2: 0, 3: 0, 4: 0}",1
110,False,"{'a': 0.6, 'e': 4.658886145103407e-15}",25,0,-11.080050066185544,"{0: 24, 1: 0, 2: 0, 3: 0, 4: 1}",0
111,False,"{'a': 0.6, 'e': 3.451387744374214e-15}",25,0,33.30157676892358,"{0: 25, 1: 0, 2: 0, 3: 0, 4: 0}",0
112,False,"{'a': 0.6, 'e': 2.5568509276699928e-15}",25,8,-23.953089806495168,"{0: 15, 1: 0, 2: 1, 3: 0, 4: 1}",1
113,False,"{'a': 0.6, 'e': 1.8941617547848836e-15}",20,0,24.837653563307292,"{0: 20, 1: 0, 2: 0, 3: 0, 4: 0}",0
114,False,"{'a': 0.6, 'e': 1.4032295408630979e-15}",20,6,23.50710378472428,"{0: 14, 1: 0, 2: 0, 3: 0, 4: 0}",1
115,False,"{'a': 0.6, 'e': 1.0395380116702241e-15}",20,0,30.175562195587638,"{0: 20, 1: 0, 2: 0, 3: 0, 4: 0}",0
116,False,"{'a': 0.6, 'e': 7.701087001365463e-16}",25,1,19.093813564693285,"{0: 23, 1: 0, 2: 1, 3: 0, 4: 0}",1
117,False,"{'a': 0.6, 'e': 5.705105569666669e-16}",30,0,40.787202855889966,"{0: 30, 1: 0, 2: 0, 3: 0, 4: 0}",0
118,False,"{'a': 0.6, 'e': 4.22644615692182e-16}",35,16,32.322147720368676,"{0: 19, 1: 0, 2: 0, 3: 0, 4: 0}",1
119,False,"{'a': 0.6, 'e': 3.1310283217779073e-16}",30,0,24.13811610201268,"{0: 29, 1: 1, 2: 0, 3: 0, 4: 0}",0
120,False,"{'a': 0.6, 'e': 2.3195228302435746e-16}",20,0,-16.977160876099404,"{0: 19, 1: 0, 2: 0, 3: 0, 4: 1}",0
121,False,"{'a': 0.6, 'e': 1.7183447759316672e-16}",25,0,37.65040313385204,"{0: 25, 1: 0, 2: 0, 3: 0, 4: 0}",0
122,False,"{'a': 0.6, 'e': 1.2729811194234228e-16}",30,0,-2.9724603896998465,"{0: 28, 1: 0, 2: 0, 3: 2, 4: 0}",0
123,False,"{'a': 0.6, 'e': 9.430476078526815e-17}",25,19,-32.593415833196644,"{0: 5, 1: 0, 2: 0, 3: 0, 4: 1}",1
124,False,"{'a': 0.6, 'e': 6.98626850867574e-17}",25,0,-11.7746737800611,"{0: 24, 1: 0, 2: 0, 3: 0, 4: 1}",0
125,False,"{'a': 0.6, 'e': 5.17555500580188e-17}",25,0,-22.176529446243645,"{0: 23, 1: 0, 2: 1, 3: 0, 4: 1}",0
126,False,"{'a': 0.6, 'e': 3.8341454504385065e-17}",20,4,24.28838349397523,"{0: 16, 1: 0, 2: 0, 3: 0, 4: 0}",1
127,False,"{'a': 0.6, 'e': 2.8404048104287583e-17}",25,15,19.15849544515868,"{0: 10, 1: 0, 2: 0, 3: 0, 4: 0}",1
128,False,"{'a': 0.6, 'e': 2.104223637677625e-17}",20,0,28.22610505165637,"{0: 20, 1: 0, 2: 0, 3: 0, 4: 0}",0
129,False,"{'a': 0.6, 'e': 1.5588472111807498e-17}",20,0,32.036489092471,"{0: 20, 1: 0, 2: 0, 3: 0, 4: 0}",0
130,False,"{'a': 0.6, 'e': 1.1548224173015811e-17}",20,0,16.350856023176732,"{0: 19, 1: 1, 2: 0, 3: 0, 4: 0}",0
131,False,"{'a': 0.6, 'e': 8.555134883887177e-18}",25,0,31.41384244224761,"{0: 25, 1: 0, 2: 0, 3: 0, 4: 0}",0
132,False,"{'a': 0.6, 'e': 6.337799802373393e-18}",30,19,17.48614602024768,"{0: 11, 1: 0, 2: 0, 3: 0, 4: 0}",1
133,False,"{'a': 0.6, 'e': 4.6951575726312e-18}",20,0,21.50440215819108,"{0: 19, 1: 1, 2: 0, 3: 0, 4: 0}",0
134,False,"{'a': 0.6, 'e': 3.4782582787769396e-18}",25,0,24.950475003998562,"{0: 24, 1: 1, 2: 0, 3: 0, 4: 0}",0
135,False,"{'a': 0.6, 'e': 2.576757109154987e-18}",25,12,20.243379336744027,"{0: 13, 1: 0, 2: 0, 3: 0, 4: 0}",1
136,False,"{'a': 0.6, 'e': 1.9089086167331642e-18}",20,0,23.16638556031544,"{0: 20, 1: 0, 2: 0, 3: 0, 4: 0}",0
137,False,"{'a': 0.6, 'e': 1.414154284892262e-18}",20,12,-30.5209363337283,"{0: 7, 1: 0, 2: 0, 3: 0, 4: 1}",1
138,False,"{'a': 0.6, 'e': 1.0476312611033126e-18}",20,0,24.972036529127063,"{0: 20, 1: 0, 2: 0, 3: 0, 4: 0}",0
139,False,"{'a': 0.6, 'e': 7.761043267811002e-19}",25,0,37.06849497682874,"{0: 25, 1: 0, 2: 0, 3: 0, 4: 0}",0
140,False,"{'a': 0.6, 'e': 5.749522264293571e-19}",30,0,39.81392775191772,"{0: 30, 1: 0, 2: 0, 3: 0, 4: 0}",0
141,False,"{'a': 0.6, 'e': 4.2593508536038853e-19}",20,0,24.495299525914053,"{0: 20, 1: 0, 2: 0, 3: 0, 4: 0}",0
142,False,"{'a': 0.6, 'e': 3.1554047206259865e-19}",20,7,16.772704586913772,"{0: 13, 1: 0, 2: 0, 3: 0, 4: 0}",1
143,False,"{'a': 0.6, 'e': 2.3375813106648364e-19}",35,0,38.60112502430333,"{0: 35, 1: 0, 2: 0, 3: 0, 4: 0}",0
144,False,"{'a': 0.6, 'e': 1.731722827265562e-19}",20,0,27.729328337911248,"{0: 20, 1: 0, 2: 0, 3: 0, 4: 0}",1
145,False,"{'a': 0.6, 'e': 1.2828918236087875e-19}",25,14,15.75075153577788,"{0: 11, 1: 0, 2: 0, 3: 0, 4: 0}",1
146,False,"{'a': 0.6, 'e': 9.503896380929863e-20}",30,0,39.1586745546062,"{0: 30, 1: 0, 2: 0, 3: 0, 4: 0}",0
147,False,"{'a': 0.6, 'e': 7.040659606463879e-20}",25,6,28.122233066107395,"{0: 19, 1: 0, 2: 0, 3: 0, 4: 0}",1
148,False,"{'a': 0.6, 'e': 5.215848922086215e-20}",20,0,-12.607625815608833,"{0: 19, 1: 0, 2: 0, 3: 0, 4: 1}",0
149,False,"{'a': 0.6, 'e': 3.863995917804566e-20}",20,6,23.735082197041216,"{0: 14, 1: 0, 2: 0, 3: 0, 4: 0}",1
150,False,"{'a': 0.6, 'e': 2.8625185805494e-20}",20,10,16.094810222604593,"{0: 10, 1: 0, 2: 0, 3: 0, 4: 0}",1
151,False,"{'a': 0.6, 'e': 2.1206059215109633e-20}",25,7,25.048847906687513,"{0: 18, 1: 0, 2: 0, 3: 0, 4: 0}",1
152,False,"{'a': 0.6, 'e': 1.5709835055408665e-20}",20,0,15.475609456382992,"{0: 19, 1: 1, 2: 0, 3: 0, 4: 0}",0
153,False,"{'a': 0.6, 'e': 1.1638132052951123e-20}",20,0,15.898889346764097,"{0: 19, 1: 1, 2: 0, 3: 0, 4: 0}",0
154,False,"{'a': 0.6, 'e': 8.62174027952612e-21}",25,2,31.80429740823838,"{0: 23, 1: 0, 2: 0, 3: 0, 4: 0}",1
155,False,"{'a': 0.6, 'e': 6.387142293058437e-21}",25,0,6.206168913440971,"{0: 24, 1: 0, 2: 0, 3: 1, 4: 0}",0
156,False,"{'a': 0.6, 'e': 4.731711388784499e-21}",30,15,29.921297933265638,"{0: 15, 1: 0, 2: 0, 3: 0, 4: 0}",1
157,False,"{'a': 0.6, 'e': 3.5053380118187524e-21}",20,0,31.42015538877588,"{0: 20, 1: 0, 2: 0, 3: 0, 4: 0}",0
158,False,"{'a': 0.6, 'e': 2.596818268803559e-21}",25,0,30.223891780336224,"{0: 25, 1: 0, 2: 0, 3: 0, 4: 0}",0
159,False,"{'a': 0.6, 'e': 1.9237702893288316e-21}",25,0,-6.808371721420217,"{0: 24, 1: 0, 2: 0, 3: 0, 4: 1}",0
160,False,"{'a': 0.6, 'e': 1.4251640827409385e-21}",20,0,25.311929753938784,"{0: 20, 1: 0, 2: 0, 3: 0, 4: 0}",0
161,False,"{'a': 0.6, 'e': 1.0557875199556346e-21}",25,0,35.32434395367301,"{0: 25, 1: 0, 2: 0, 3: 0, 4: 0}",0
162,False,"{'a': 0.6, 'e': 7.821466319514969e-22}",30,1,41.65431788385229,"{0: 29, 1: 0, 2: 0, 3: 0, 4: 0}",1
163,False,"{'a': 0.6, 'e': 5.794284761945064e-22}",20,13,12.470946516859822,"{0: 7, 1: 0, 2: 0, 3: 0, 4: 0}",1
164,False,"{'a': 0.6, 'e': 4.292511727467334e-22}",20,0,28.937442206516987,"{0: 20, 1: 0, 2: 0, 3: 0, 4: 0}",0
165,False,"{'a': 0.6, 'e': 3.1799709001977575e-22}",25,18,12.576845018957044,"{0: 7, 1: 0, 2: 0, 3: 0, 4: 0}",1
166,False,"{'a': 0.6, 'e': 2.3557803841041435e-22}",25,0,23.355605090154434,"{0: 24, 1: 1, 2: 0, 3: 0, 4: 0}",0
167,False,"{'a': 0.6, 'e': 1.7452050324689254e-22}",20,0,-55.519452059220264,"{0: 18, 1: 0, 2: 0, 3: 0, 4: 2}",0
168,False,"{'a': 0.6, 'e': 1.292879686878409e-22}",20,13,10.85034178314125,"{0: 7, 1: 0, 2: 0, 3: 0, 4: 0}",1
169,False,"{'a': 0.6, 'e': 9.577888291887995e-23}",25,0,28.102061647396358,"{0: 24, 1: 1, 2: 0, 3: 0, 4: 0}",0
170,False,"{'a': 0.6, 'e': 7.095474162284722e-23}",35,19,24.281131320971305,"{0: 16, 1: 0, 2: 0, 3: 0, 4: 0}",1
171,False,"{'a': 0.6, 'e': 5.256456543796871e-23}",30,0,41.502623348251305,"{0: 30, 1: 0, 2: 0, 3: 0, 4: 0}",0
172,False,"{'a': 0.6, 'e': 3.89407878386637e-23}",25,0,30.832405400863593,"{0: 25, 1: 0, 2: 0, 3: 0, 4: 0}",0
173,False,"{'a': 0.6, 'e': 2.884804515858312e-23}",25,0,32.49476231646302,"{0: 25, 1: 0, 2: 0, 3: 0, 4: 0}",0
174,False,"{'a': 0.6, 'e': 2.1371157484527394e-23}",25,8,6.358673461352335,"{0: 16, 1: 0, 2: 0, 3: 1, 4: 0}",1
175,False,"{'a': 0.6, 'e': 1.5832142861596362e-23}",20,0,24.396334905973198,"{0: 20, 1: 0, 2: 0, 3: 0, 4: 0}",0
176,False,"{'a': 0.6, 'e': 1.1728739904306578e-23}",30,0,-8.30301128168046,"{0: 29, 1: 0, 2: 0, 3: 0, 4: 1}",0
177,False,"{'a': 0.6, 'e': 8.68886422674706e-24}",20,0,28.796774562204245,"{0: 20, 1: 0, 2: 0, 3: 0, 4: 0}",0
178,False,"{'a': 0.6, 'e': 6.436868936203788e-24}",20,16,8.322004857683169,"{0: 4, 1: 0, 2: 0, 3: 0, 4: 0}",1
179,False,"{'a': 0.6, 'e': 4.768549792079912e-24}",20,13,14.445435505150167,"{0: 7, 1: 0, 2: 0, 3: 0, 4: 0}",1
180,False,"{'a': 0.6, 'e': 3.532628572200816e-24}",30,16,19.906772000585175,"{0: 14, 1: 0, 2: 0, 3: 0, 4: 0}",1
181,False,"{'a': 0.6, 'e': 2.617035613187206e-24}",25,0,-9.620161228880093,"{0: 24, 1: 0, 2: 0, 3: 0, 4: 1}",0
182,False,"{'a': 0.6, 'e': 1.9387476664220343e-24}",25,0,32.58843570811851,"{0: 25, 1: 0, 2: 0, 3: 0, 4: 0}",0
183,False,"{'a': 0.6, 'e': 1.4362595965896042e-24}",30,0,42.59645068942828,"{0: 30, 1: 0, 2: 0, 3: 0, 4: 0}",0
184,False,"{'a': 0.6, 'e': 1.0640072787825526e-24}",30,0,36.548862173536115,"{0: 30, 1: 0, 2: 0, 3: 0, 4: 0}",1
185,False,"{'a': 0.6, 'e': 7.882359790600872e-25}",30,0,40.298676723205055,"{0: 30, 1: 0, 2: 0, 3: 0, 4: 0}",0
186,False,"{'a': 0.6, 'e': 5.839395754846056e-25}",35,18,11.096680332754536,"{0: 16, 1: 0, 2: 1, 3: 0, 4: 0}",1
187,False,"{'a': 0.6, 'e': 4.325930772961432e-25}",20,0,24.52230358819679,"{0: 20, 1: 0, 2: 0, 3: 0, 4: 0}",0
188,False,"{'a': 0.6, 'e': 3.2047283380175764e-25}",25,0,29.260794277456647,"{0: 24, 1: 1, 2: 0, 3: 0, 4: 0}",0
189,False,"{'a': 0.6, 'e': 2.37412114513846e-25}",35,0,42.39411615795405,"{0: 35, 1: 0, 2: 0, 3: 0, 4: 0}",0
190,False,"{'a': 0.6, 'e': 1.7587922024243164e-25}",35,0,43.12128762176214,"{0: 35, 1: 0, 2: 0, 3: 0, 4: 0}",0
191,False,"{'a': 0.6, 'e': 1.302945309948862e-25}",20,3,21.510332051460598,"{0: 17, 1: 0, 2: 0, 3: 0, 4: 0}",1
192,False,"{'a': 0.6, 'e': 9.652456261619053e-26}",30,21,16.091650222718293,"{0: 9, 1: 0, 2: 0, 3: 0, 4: 0}",1
193,False,"{'a': 0.6, 'e': 7.150715472940733e-26}",25,0,24.14167859802133,"{0: 25, 1: 0, 2: 0, 3: 0, 4: 0}",0
194,False,"{'a': 0.6, 'e': 5.297380313265182e-26}",20,14,11.403738397229892,"{0: 6, 1: 0, 2: 0, 3: 0, 4: 0}",1
195,False,"{'a': 0.6, 'e': 3.924395857947473e-26}",25,0,26.00836343536774,"{0: 25, 1: 0, 2: 0, 3: 0, 4: 0}",0
196,False,"{'a': 0.6, 'e': 2.9072639567353505e-26}",20,2,21.861545684568327,"{0: 18, 1: 0, 2: 0, 3: 0, 4: 0}",1
197,False,"{'a': 0.6, 'e': 2.1537541114807732e-26}",30,18,20.20503042052007,"{0: 12, 1: 0, 2: 0, 3: 0, 4: 0}",1
198,False,"{'a': 0.6, 'e': 1.5955402886531206e-26}",20,0,21.55354264109204,"{0: 20, 1: 0, 2: 0, 3: 0, 4: 0}",0
199,False,"{'a': 0.6, 'e': 1.1820053176659994e-26}",25,15,16.48498670537062,"{0: 10, 1: 0, 2: 0, 3: 0, 4: 0}",1
200,False,"{'a': 0.6, 'e': 8.756510762696543e-27}",30,0,41.13535460271569,"{0: 30, 1: 0, 2: 0, 3: 0, 4: 0}",0
201,False,"{'a': 0.6, 'e': 6.486982722601165e-27}",20,0,31.490973867881785,"{0: 20, 1: 0, 2: 0, 3: 0, 4: 0}",0
202,False,"{'a': 0.6, 'e': 4.805674998150441e-27}",20,6,23.878531167249555,"{0: 14, 1: 0, 2: 0, 3: 0, 4: 0}",1
203,False,"{'a': 0.6, 'e': 3.5601316013044274e-27}",35,0,47.49912354630959,"{0: 35, 1: 0, 2: 0, 3: 0, 4: 0}",0
204,False,"{'a': 0.6, 'e': 2.637410358271101e-27}",20,0,-15.291867864899844,"{0: 19, 1: 0, 2: 0, 3: 0, 4: 1}",0
205,False,"{'a': 0.6, 'e': 1.953841648821929e-27}",20,0,-9.368010997432433,"{0: 19, 1: 0, 2: 0, 3: 0, 4: 1}",0
206,False,"{'a': 0.6, 'e': 1.4474414937740955e-27}",35,14,29.216981828433582,"{0: 21, 1: 0, 2: 0, 3: 0, 4: 0}",1
207,False,"{'a': 0.6, 'e': 1.0722910319586133e-27}",30,0,42.24431306084327,"{0: 30, 1: 0, 2: 0, 3: 0, 4: 0}",0
208,False,"{'a': 0.6, 'e': 7.94372734348543e-28}",20,0,26.424769685571377,"{0: 20, 1: 0, 2: 0, 3: 0, 4: 0}",0
209,False,"{'a': 0.6, 'e': 5.884857956181586e-28}",30,0,44.675428274255864,"{0: 30, 1: 0, 2: 0, 3: 0, 4: 0}",0
210,False,"{'a': 0.6, 'e': 4.359610000063093e-28}",25,0,31.542341460433747,"{0: 25, 1: 0, 2: 0, 3: 0, 4: 0}",0
211,False,"{'a': 0.6, 'e': 3.2296785231129646e-28}",30,8,31.629362087823864,"{0: 22, 1: 0, 2: 0, 3: 0, 4: 0}",1
212,False,"{'a': 0.6, 'e': 2.392604696866505e-28}",20,0,27.854757235654397,"{0: 20, 1: 0, 2: 0, 3: 0, 4: 0}",0
213,False,"{'a': 0.6, 'e': 1.7724851543273652e-28}",25,0,34.567833390692996,"{0: 25, 1: 0, 2: 0, 3: 0, 4: 0}",0
214,False,"{'a': 0.6, 'e': 1.3130892982135587e-28}",20,0,28.760285633818373,"{0: 20, 1: 0, 2: 0, 3: 0, 4: 0}",0
215,False,"{'a': 0.6, 'e': 9.727604774987742e-29}",20,0,-4.007347818232455,"{0: 18, 1: 1, 2: 0, 3: 1, 4: 0}",0
216,False,"{'a': 0.6, 'e': 7.206386860901402e-29}",20,5,16.682078208601663,"{0: 15, 1: 0, 2: 0, 3: 0, 4: 0}",1
217,False,"{'a': 0.6, 'e': 5.338622691837087e-29}",25,19,10.433460969753925,"{0: 6, 1: 0, 2: 0, 3: 0, 4: 0}",1
218,False,"{'a': 0.6, 'e': 3.954948963457794e-29}",20,0,25.892405085221135,"{0: 20, 1: 0, 2: 0, 3: 0, 4: 0}",0
219,False,"{'a': 0.6, 'e': 2.9298982539958076e-29}",25,16,12.462888105554946,"{0: 9, 1: 0, 2: 0, 3: 0, 4: 0}",1
220,False,"{'a': 0.6, 'e': 2.1705220113036462e-29}",20,4,9.733928192683956,"{0: 15, 1: 0, 2: 1, 3: 0, 4: 0}",1
221,False,"{'a': 0.6, 'e': 1.6079622543644706e-29}",25,0,34.106328219966514,"{0: 25, 1: 0, 2: 0, 3: 0, 4: 0}",0
222,False,"{'a': 0.6, 'e': 1.1912077362016509e-29}",25,0,31.8193031155621,"{0: 25, 1: 0, 2: 0, 3: 0, 4: 0}",0
223,False,"{'a': 0.6, 'e': 8.824683955952042e-30}",20,0,-14.156998619950716,"{0: 19, 1: 0, 2: 0, 3: 0, 4: 1}",0
224,False,"{'a': 0.6, 'e': 6.537486666326895e-30}",20,0,25.59322608752577,"{0: 20, 1: 0, 2: 0, 3: 0, 4: 0}",0
225,False,"{'a': 0.6, 'e': 4.843089239878746e-30}",25,0,33.24895684348863,"{0: 25, 1: 0, 2: 0, 3: 0, 4: 0}",0
226,False,"{'a': 0.6, 'e': 3.587848753289746e-30}",20,0,14.517201730697792,"{0: 19, 1: 1, 2: 0, 3: 0, 4: 0}",0
227,False,"{'a': 0.6, 'e': 2.6579437294872296e-30}",20,0,23.028388872988366,"{0: 20, 1: 0, 2: 0, 3: 0, 4: 0}",0
228,False,"{'a': 0.6, 'e': 1.9690531443508587e-30}",30,0,31.956240547186237,"{0: 30, 1: 0, 2: 0, 3: 0, 4: 0}",0
229,False,"{'a': 0.6, 'e': 1.458710446825745e-30}",30,16,25.323113380822207,"{0: 14, 1: 0, 2: 0, 3: 0, 4: 0}",1
230,False,"{'a': 0.6, 'e': 1.080639277707282e-30}",20,0,27.28380701569685,"{0: 20, 1: 0, 2: 0, 3: 0, 4: 0}",0
231,False,"{'a': 0.6, 'e': 8.005572669098854e-31}",20,14,12.322852567065821,"{0: 6, 1: 0, 2: 0, 3: 0, 4: 0}",1
232,False,"{'a': 0.6, 'e': 5.930674100260004e-31}",25,0,40.54931447119269,"{0: 25, 1: 0, 2: 0, 3: 0, 4: 0}",0
233,False,"{'a': 0.6, 'e': 4.393551434397764e-31}",30,11,29.202030948991663,"{0: 19, 1: 0, 2: 0, 3: 0, 4: 0}",1
234,False,"{'a': 0.6, 'e': 3.2548229561041606e-31}",20,1,31.334641538002654,"{0: 19, 1: 0, 2: 0, 3: 0, 4: 0}",1
235,False,"{'a': 0.6, 'e': 2.4112321509750933e-31}",25,0,35.175492607022164,"{0: 25, 1: 0, 2: 0, 3: 0, 4: 0}",0
236,False,"{'a': 0.6, 'e': 1.78628471173592e-31}",25,14,7.614878429550605,"{0: 10, 1: 0, 2: 1, 3: 0, 4: 0}",1
237,False,"{'a': 0.6, 'e': 1.3233122617791595e-31}",25,3,33.65051809577139,"{0: 22, 1: 0, 2: 0, 3: 0, 4: 0}",1
238,False,"{'a': 0.6, 'e': 9.803338351775366e-32}",30,19,5.277708947157369,"{0: 10, 1: 0, 2: 1, 3: 0, 4: 0}",1
239,False,"{'a': 0.6, 'e': 7.262491674503071e-32}",35,0,39.3363194912536,"{0: 35, 1: 0, 2: 0, 3: 0, 4: 0}",0
240,False,"{'a': 0.6, 'e': 5.380186160021155e-32}",20,16,6.398977282623341,"{0: 4, 1: 0, 2: 0, 3: 0, 4: 0}",1
241,False,"{'a': 0.6, 'e': 3.985739938003276e-32}",20,0,19.47046858403762,"{0: 19, 1: 0, 2: 1, 3: 0, 4: 0}",0
242,False,"{'a': 0.6, 'e': 2.9527087689716475e-32}",25,0,33.70079854454787,"{0: 25, 1: 0, 2: 0, 3: 0, 4: 0}",0
243,False,"{'a': 0.6, 'e': 2.1874204564208814e-32}",20,0,21.659706188481945,"{0: 20, 1: 0, 2: 0, 3: 0, 4: 0}",0
244,False,"{'a': 0.6, 'e': 1.6204809304085087e-32}",20,0,21.446353302435195,"{0: 20, 1: 0, 2: 0, 3: 0, 4: 0}",0
245,False,"{'a': 0.6, 'e': 1.200481799513886e-32}",30,0,37.6008595436975,"{0: 30, 1: 0, 2: 0, 3: 0, 4: 0}",0
246,False,"{'a': 0.6, 'e': 8.893387906766639e-33}",30,4,42.00785823063781,"{0: 26, 1: 0, 2: 0, 3: 0, 4: 0}",1
247,False,"{'a': 0.6, 'e': 6.588383804923169e-33}",30,0,41.25043241593808,"{0: 30, 1: 0, 2: 0, 3: 0, 4: 0}",0
248,False,"{'a': 0.6, 'e': 4.880794767531428e-33}",30,12,24.91891473434352,"{0: 18, 1: 0, 2: 0, 3: 0, 4: 0}",1
249,False,"{'a': 0.6, 'e': 3.6157816951952715e-33}",20,0,23.169675841047894,"{0: 20, 1: 0, 2: 0, 3: 0, 4: 0}",0
250,False,"{'a': 0.6, 'e': 2.6786369618080867e-33}",30,10,29.60302146161446,"{0: 20, 1: 0, 2: 0, 3: 0, 4: 0}",1
251,False,"{'a': 0.6, 'e': 1.9843830678989495e-33}",30,6,5.734100484123214,"{0: 23, 1: 0, 2: 0, 3: 1, 4: 0}",1
252,False,"{'a': 0.6, 'e': 1.4700671335118284e-33}",30,0,40.38060894199728,"{0: 30, 1: 0, 2: 0, 3: 0, 4: 0}",0
253,False,"{'a': 0.6, 'e': 1.089052518130906e-33}",20,2,24.206131549953444,"{0: 18, 1: 0, 2: 0, 3: 0, 4: 0}",1
254,False,"{'a': 0.6, 'e': 8.06789948710682e-34}",20,8,17.48726423970534,"{0: 12, 1: 0, 2: 0, 3: 0, 4: 0}",1
255,False,"{'a': 0.6, 'e': 5.976846942677419e-34}",20,0,24.724431161678396,"{0: 20, 1: 0, 2: 0, 3: 0, 4: 0}",0
256,False,"{'a': 0.6, 'e': 4.427757117361251e-34}",20,0,27.339304596829393,"{0: 20, 1: 0, 2: 0, 3: 0, 4: 0}",0
257,False,"{'a': 0.6, 'e': 3.2801631492943746e-34}",20,0,-14.23862871189036,"{0: 19, 1: 0, 2: 0, 3: 0, 4: 1}",0
258,False,"{'a': 0.6, 'e': 2.4300046278059985e-34}",20,0,29.173963767556312,"{0: 20, 1: 0, 2: 0, 3: 0, 4: 0}",0
259,False,"{'a': 0.6, 'e': 1.80019170461958e-34}",25,0,35.3057660662811,"{0: 25, 1: 0, 2: 0, 3: 0, 4: 0}",0
260,False,"{'a': 0.6, 'e': 1.3336148155022659e-34}",20,0,23.671011617465528,"{0: 20, 1: 0, 2: 0, 3: 0, 4: 0}",0
261,False,"{'a': 0.6, 'e': 9.87966154695166e-35}",20,0,22.420295493236438,"{0: 20, 1: 0, 2: 0, 3: 0, 4: 0}",0
262,False,"{'a': 0.6, 'e': 7.319033288150317e-35}",20,0,24.55646621358092,"{0: 20, 1: 0, 2: 0, 3: 0, 4: 0}",0
263,False,"{'a': 0.6, 'e': 5.42207321763778e-35}",25,0,36.12370564623502,"{0: 25, 1: 0, 2: 0, 3: 0, 4: 0}",0
264,False,"{'a': 0.6, 'e': 4.0167706334964175e-35}",25,11,24.70154499204221,"{0: 14, 1: 0, 2: 0, 3: 0, 4: 0}",1
265,False,"{'a': 0.6, 'e': 2.9756968735933926e-35}",30,0,45.075208172135184,"{0: 30, 1: 0, 2: 0, 3: 0, 4: 0}",0
266,False,"{'a': 0.6, 'e': 2.2044504631836078e-35}",20,0,24.57804136156844,"{0: 20, 1: 0, 2: 0, 3: 0, 4: 0}",0
267,False,"{'a': 0.6, 'e': 1.6330970697166692e-35}",20,0,-2.102341276498028,"{0: 19, 1: 0, 2: 0, 3: 1, 4: 0}",0
268,False,"{'a': 0.6, 'e': 1.2098280653880302e-35}",25,0,33.128640906381825,"{0: 25, 1: 0, 2: 0, 3: 0, 4: 0}",0
269,False,"{'a': 0.6, 'e': 8.962626747315655e-36}",20,0,27.537813205647307,"{0: 20, 1: 0, 2: 0, 3: 0, 4: 0}",0
270,False,"{'a': 0.6, 'e': 6.639677199580756e-36}",20,0,7.324435787402542,"{0: 19, 1: 0, 2: 1, 3: 0, 4: 0}",0
271,False,"{'a': 0.6, 'e': 4.918793848894387e-36}",25,8,26.17570158683864,"{0: 17, 1: 0, 2: 0, 3: 0, 4: 0}",1
272,False,"{'a': 0.6, 'e': 3.643932107038119e-36}",25,8,22.686235726098264,"{0: 17, 1: 0, 2: 0, 3: 0, 4: 0}",1
273,False,"{'a': 0.6, 'e': 2.6994912998209623e-36}",25,2,32.878792338895714,"{0: 23, 1: 0, 2: 0, 3: 0, 4: 0}",1
274,False,"{'a': 0.6, 'e': 1.999832341479143e-36}",20,0,30.189688258527326,"{0: 20, 1: 0, 2: 0, 3: 0, 4: 0}",0
275,False,"{'a': 0.6, 'e': 1.4815122368763324e-36}",20,0,21.54385085540249,"{0: 20, 1: 0, 2: 0, 3: 0, 4: 0}",0
276,False,"{'a': 0.6, 'e': 1.0975312592409163e-36}",25,10,-2.798432604286159,"{0: 14, 1: 0, 2: 0, 3: 1, 4: 0}",1
277,False,"{'a': 0.6, 'e': 8.130711546134208e-37}",20,15,9.817964106276255,"{0: 5, 1: 0, 2: 0, 3: 0, 4: 0}",1
278,False,"{'a': 0.6, 'e': 6.023379260483443e-37}",20,0,21.95592078757053,"{0: 20, 1: 0, 2: 0, 3: 0, 4: 0}",0
279,False,"{'a': 0.6, 'e': 4.462229106242506e-37}",20,0,25.696750032332634,"{0: 20, 1: 0, 2: 0, 3: 0, 4: 0}",0
280,False,"{'a': 0.6, 'e': 3.3057006267607456e-37}",20,0,24.638436045354567,"{0: 20, 1: 0, 2: 0, 3: 0, 4: 0}",0
281,False,"{'a': 0.6, 'e': 2.448923256423335e-37}",30,0,28.212597768112264,"{0: 29, 1: 1, 2: 0, 3: 0, 4: 0}",0
282,False,"{'a': 0.6, 'e': 1.8142069694096134e-37}",35,25,-3.0845574212719953,"{0: 9, 1: 0, 2: 0, 3: 1, 4: 0}",1
283,False,"{'a': 0.6, 'e': 1.3439975790264015e-37}",25,0,30.85767967629794,"{0: 25, 1: 0, 2: 0, 3: 0, 4: 0}",0
284,False,"{'a': 0.6, 'e': 9.956578950948754e-38}",20,14,10.55795592316911,"{0: 6, 1: 0, 2: 0, 3: 0, 4: 0}",1
285,False,"{'a': 0.6, 'e': 7.376015102518901e-38}",25,0,30.427838331683816,"{0: 25, 1: 0, 2: 0, 3: 0, 4: 0}",0
286,False,"{'a': 0.6, 'e': 5.46428638396953e-38}",25,10,21.390782148130683,"{0: 15, 1: 0, 2: 0, 3: 0, 4: 0}",1
287,False,"{'a': 0.6, 'e': 4.048042916267646e-38}",25,0,23.08318281565391,"{0: 25, 1: 0, 2: 0, 3: 0, 4: 0}",0
288,False,"{'a': 0.6, 'e': 2.9988639504726297e-38}",20,0,27.179596364662412,"{0: 20, 1: 0, 2: 0, 3: 0, 4: 0}",0
289,False,"{'a': 0.6, 'e': 2.2216130558556807e-38}",30,0,36.60861523110188,"{0: 30, 1: 0, 2: 0, 3: 0, 4: 0}",0
290,False,"{'a': 0.6, 'e': 1.6458114310822792e-38}",20,0,27.40772343183235,"{0: 20, 1: 0, 2: 0, 3: 0, 4: 0}",0
291,False,"{'a': 0.6, 'e': 1.219247095952006e-38}",20,0,20.36697250199956,"{0: 20, 1: 0, 2: 0, 3: 0, 4: 0}",0
292,False,"{'a': 0.6, 'e': 9.032404641945167e-39}",25,0,27.054092046930773,"{0: 25, 1: 0, 2: 0, 3: 0, 4: 0}",0
293,False,"{'a': 0.6, 'e': 6.691369935323108e-39}",20,0,21.269074650089497,"{0: 20, 1: 0, 2: 0, 3: 0, 4: 0}",0
294,False,"{'a': 0.6, 'e': 4.957088769409206e-39}",25,6,32.447142727934114,"{0: 19, 1: 0, 2: 0, 3: 0, 4: 0}",1
295,False,"{'a': 0.6, 'e': 3.6723016819150546e-39}",30,8,25.19541431458947,"{0: 22, 1: 0, 2: 0, 3: 0, 4: 0}",1
296,False,"{'a': 0.6, 'e': 2.7205079978027906e-39}",30,10,29.847816643493474,"{0: 20, 1: 0, 2: 0, 3: 0, 4: 0}",1
297,False,"{'a': 0.6, 'e': 2.0154018942826463e-39}",25,0,25.565740517402475,"{0: 24, 1: 1, 2: 0, 3: 0, 4: 0}",0
298,False,"{'a': 0.6, 'e': 1.4930464452810337e-39}",25,0,30.154562735144918,"{0: 25, 1: 0, 2: 0, 3: 0, 4: 0}",1
299,False,"{'a': 0.6, 'e': 1.1060760109882593e-39}",20,2,18.88092445265164,"{0: 18, 1: 0, 2: 0, 3: 0, 4: 0}",1
300,False,"{'a': 0.6, 'e': 8.194012623990544e-40}",20,7,21.590575435008695,"{0: 13, 1: 0, 2: 0, 3: 0, 4: 0}",1
301,False,"{'a': 0.6, 'e': 6.070273852348209e-40}",20,0,26.375998193451107,"{0: 20, 1: 0, 2: 0, 3: 0, 4: 0}",0
302,False,"{'a': 0.6, 'e': 4.496969474347357e-40}",25,2,32.51411202100928,"{0: 23, 1: 0, 2: 0, 3: 0, 4: 0}",1
303,False,"{'a': 0.6, 'e': 3.331436924446009e-40}",25,2,32.89262808963301,"{0: 23, 1: 0, 2: 0, 3: 0, 4: 0}",1
304,False,"{'a': 0.6, 'e': 2.4679891746814672e-40}",25,0,37.494754034858644,"{0: 25, 1: 0, 2: 0, 3: 0, 4: 0}",0
305,False,"{'a': 0.6, 'e': 1.828331349049266e-40}",30,13,3.032876761168743,"{0: 16, 1: 0, 2: 0, 3: 1, 4: 0}",1
306,False,"{'a': 0.6, 'e': 1.3544611768192821e-40}",20,7,21.35608154756773,"{0: 13, 1: 0, 2: 0, 3: 0, 4: 0}",1
307,False,"{'a': 0.6, 'e': 1.0034095189937262e-40}",20,3,21.209032092016685,"{0: 17, 1: 0, 2: 0, 3: 0, 4: 0}",1
308,False,"{'a': 0.6, 'e': 7.433440544760307e-41}",20,13,9.643420483186697,"{0: 7, 1: 0, 2: 0, 3: 0, 4: 0}",1
309,False,"{'a': 0.6, 'e': 5.50682819791267e-41}",25,16,12.703002346322757,"{0: 9, 1: 0, 2: 0, 3: 0, 4: 0}",1
310,False,"{'a': 0.6, 'e': 4.0795586671775746e-41}",25,0,27.197995644210785,"{0: 25, 1: 0, 2: 0, 3: 0, 4: 0}",0
311,False,"{'a': 0.6, 'e': 3.0222113929851715e-41}",20,0,28.366908399556973,"{0: 20, 1: 0, 2: 0, 3: 0, 4: 0}",1
312,False,"{'a': 0.6, 'e': 2.2389092666752908e-41}",20,0,23.888911590244014,"{0: 20, 1: 0, 2: 0, 3: 0, 4: 0}",0
313,False,"{'a': 0.6, 'e': 1.6586247792061988e-41}",25,6,30.35552766059981,"{0: 19, 1: 0, 2: 0, 3: 0, 4: 0}",1
314,False,"{'a': 0.6, 'e': 1.2287394577101434e-41}",20,0,29.405787012861722,"{0: 20, 1: 0, 2: 0, 3: 0, 4: 0}",0
315,False,"{'a': 0.6, 'e': 9.102725787422474e-42}",25,14,19.49713136013757,"{0: 11, 1: 0, 2: 0, 3: 0, 4: 0}",1
316,False,"{'a': 0.6, 'e': 6.743465121191907e-42}",20,0,20.122995988811255,"{0: 20, 1: 0, 2: 0, 3: 0, 4: 0}",0
317,False,"{'a': 0.6, 'e': 4.9956818323106133e-42}",30,0,40.08605078024728,"{0: 30, 1: 0, 2: 0, 3: 0, 4: 0}",0
318,False,"{'a': 0.6, 'e': 3.7008921261043325e-42}",20,0,27.548961736006486,"{0: 20, 1: 0, 2: 0, 3: 0, 4: 0}",0
319,False,"{'a': 0.6, 'e': 2.7416883197955914e-42}",20,0,22.060833246972468,"{0: 20, 1: 0, 2: 0, 3: 0, 4: 0}",0
320,False,"{'a': 0.6, 'e': 2.031092662734819e-42}",25,0,30.349294421604366,"{0: 25, 1: 0, 2: 0, 3: 0, 4: 0}",0
321,False,"{'a': 0.6, 'e': 1.504670452446901e-42}",25,0,32.71422863219389,"{0: 25, 1: 0, 2: 0, 3: 0, 4: 0}",0
322,False,"{'a': 0.6, 'e': 1.1146872872940685e-42}",25,13,-20.421115943795037,"{0: 11, 1: 0, 2: 0, 3: 0, 4: 1}",1
323,False,"{'a': 0.6, 'e': 8.257806527897226e-43}",20,0,24.768503344222474,"{0: 20, 1: 0, 2: 0, 3: 0, 4: 0}",0
324,False,"{'a': 0.6, 'e': 6.117533538730698e-43}",20,6,22.34562611775506,"{0: 14, 1: 0, 2: 0, 3: 0, 4: 0}",1
325,False,"{'a': 0.6, 'e': 4.531980311123208e-43}",25,0,27.885001821618822,"{0: 25, 1: 0, 2: 0, 3: 0, 4: 0}",0
326,False,"{'a': 0.6, 'e': 3.3573735902508733e-43}",25,0,-8.446758630534664,"{0: 24, 1: 0, 2: 0, 3: 0, 4: 1}",0
327,False,"{'a': 0.6, 'e': 2.487203529293443e-43}",30,21,16.751326913982187,"{0: 9, 1: 0, 2: 0, 3: 0, 4: 0}",1
328,False,"{'a': 0.6, 'e': 1.8425656930444573e-43}",30,0,31.323764723298112,"{0: 30, 1: 0, 2: 0, 3: 0, 4: 0}",0
329,False,"{'a': 0.6, 'e': 1.3650062382103712e-43}",20,0,27.416359435275066,"{0: 20, 1: 0, 2: 0, 3: 0, 4: 0}",0
330,False,"{'a': 0.6, 'e': 1.0112214926104523e-43}",25,7,31.82916326129339,"{0: 18, 1: 0, 2: 0, 3: 0, 4: 0}",1
331,False,"{'a': 0.6, 'e': 7.491313068707862e-44}",20,0,26.728187519603164,"{0: 20, 1: 0, 2: 0, 3: 0, 4: 0}",0
332,False,"{'a': 0.6, 'e': 5.549701218129859e-44}",25,14,17.50840344157439,"{0: 11, 1: 0, 2: 0, 3: 0, 4: 0}",1
333,False,"{'a': 0.6, 'e': 4.1113197817301243e-44}",20,0,25.1533898591724,"{0: 20, 1: 0, 2: 0, 3: 0, 4: 0}",0
334,False,"{'a': 0.6, 'e': 3.0457406053548596e-44}",20,0,20.574433711728563,"{0: 20, 1: 0, 2: 0, 3: 0, 4: 0}",0
335,False,"{'a': 0.6, 'e': 2.256340135917045e-44}",25,2,37.98514614586651,"{0: 23, 1: 0, 2: 0, 3: 0, 4: 0}",1
336,False,"{'a': 0.6, 'e': 1.6715378847428109e-44}",25,16,16.032031842389667,"{0: 9, 1: 0, 2: 0, 3: 0, 4: 0}",1
337,False,"{'a': 0.6, 'e': 1.2383057215772516e-44}",20,0,24.436506769792384,"{0: 20, 1: 0, 2: 0, 3: 0, 4: 0}",0
338,False,"{'a': 0.6, 'e': 9.173594413188503e-45}",20,10,18.32631955134164,"{0: 10, 1: 0, 2: 0, 3: 0, 4: 0}",1
339,False,"{'a': 0.6, 'e': 6.795965890434054e-45}",20,0,26.948412294896297,"{0: 20, 1: 0, 2: 0, 3: 0, 4: 0}",0
340,False,"{'a': 0.6, 'e': 5.034575358765002e-45}",25,0,31.86296680799788,"{0: 25, 1: 0, 2: 0, 3: 0, 4: 0}",0
341,False,"{'a': 0.6, 'e': 3.7297051591683106e-45}",25,0,29.63239926171222,"{0: 25, 1: 0, 2: 0, 3: 0, 4: 0}",0
342,False,"{'a': 0.6, 'e': 2.763033539682491e-45}",25,0,33.69850343072711,"{0: 25, 1: 0, 2: 0, 3: 0, 4: 0}",0
343,False,"{'a': 0.6, 'e': 2.046905590551492e-45}",25,0,-12.021397838006592,"{0: 24, 1: 0, 2: 0, 3: 0, 4: 1}",0
344,False,"{'a': 0.6, 'e': 1.516384957495817e-45}",20,0,27.94612454099292,"{0: 20, 1: 0, 2: 0, 3: 0, 4: 0}",0
345,False,"{'a': 0.6, 'e': 1.1233656060805736e-45}",20,0,22.736049119721965,"{0: 20, 1: 0, 2: 0, 3: 0, 4: 0}",0
346,False,"{'a': 0.6, 'e': 8.322097094716502e-46}",20,0,21.115150300372395,"{0: 20, 1: 0, 2: 0, 3: 0, 4: 0}",0
347,False,"{'a': 0.6, 'e': 6.165161162048372e-46}",20,0,27.766910656536414,"{0: 20, 1: 0, 2: 0, 3: 0, 4: 0}",0
348,False,"{'a': 0.6, 'e': 4.567263722284707e-46}",25,0,27.193198433937443,"{0: 25, 1: 0, 2: 0, 3: 0, 4: 0}",0
349,False,"{'a': 0.6, 'e': 3.3835121841271165e-46}",25,11,17.60480450016823,"{0: 14, 1: 0, 2: 0, 3: 0, 4: 0}",1
350,False,"{'a': 0.6, 'e': 2.5065674758999636e-46}",30,0,2.1548709323861104,"{0: 29, 1: 0, 2: 0, 3: 0, 4: 1}",0
351,False,"{'a': 0.6, 'e': 1.8569108575148756e-46}",20,11,12.169821241994443,"{0: 9, 1: 0, 2: 0, 3: 0, 4: 0}",1
352,False,"{'a': 0.6, 'e': 1.3756333974287331e-46}",25,0,31.238531349374078,"{0: 25, 1: 0, 2: 0, 3: 0, 4: 0}",0
353,False,"{'a': 0.6, 'e': 1.0190942857935006e-46}",20,0,28.74232433491516,"{0: 20, 1: 0, 2: 0, 3: 0, 4: 0}",0
354,False,"{'a': 0.6, 'e': 7.549636155084472e-47}",20,7,20.410343011106775,"{0: 13, 1: 0, 2: 0, 3: 0, 4: 0}",1
355,False,"{'a': 0.6, 'e': 5.592908023204045e-47}",25,0,29.91424519565012,"{0: 25, 1: 0, 2: 0, 3: 0, 4: 0}",0
356,False,"{'a': 0.6, 'e': 4.1433281701865247e-47}",20,0,-17.801666586438284,"{0: 19, 1: 0, 2: 0, 3: 0, 4: 1}",0
357,False,"{'a': 0.6, 'e': 3.0694530027380194e-47}",25,6,-10.977475180498494,"{0: 18, 1: 0, 2: 0, 3: 0, 4: 1}",1
358,False,"{'a': 0.6, 'e': 2.2739067119545356e-47}",25,20,12.040310783319509,"{0: 5, 1: 0, 2: 0, 3: 0, 4: 0}",1
359,False,"{'a': 0.6, 'e': 1.6845515243463746e-47}",20,0,27.697400027555886,"{0: 20, 1: 0, 2: 0, 3: 0, 4: 0}",0
360,False,"{'a': 0.6, 'e': 1.247946462912957e-47}",20,14,9.555527264367742,"{0: 6, 1: 0, 2: 0, 3: 0, 4: 0}",1
361,False,"{'a': 0.6, 'e': 9.245014781612202e-48}",25,19,11.30194014474696,"{0: 6, 1: 0, 2: 0, 3: 0, 4: 0}",1
362,False,"{'a': 0.6, 'e': 6.848875400690131e-48}",25,0,32.51804372902968,"{0: 25, 1: 0, 2: 0, 3: 0, 4: 0}",0
363,False,"{'a': 0.6, 'e': 5.073771688010051e-48}",30,0,37.709950824807954,"{0: 30, 1: 0, 2: 0, 3: 0, 4: 0}",0
364,False,"{'a': 0.6, 'e': 3.758742514056882e-48}",20,0,20.04711048097157,"{0: 20, 1: 0, 2: 0, 3: 0, 4: 0}",0
365,False,"{'a': 0.6, 'e': 2.7845449412643464e-48}",20,0,22.061941364189313,"{0: 20, 1: 0, 2: 0, 3: 0, 4: 0}",0
366,False,"{'a': 0.6, 'e': 2.0628416287957316e-48}",25,0,39.001034117126494,"{0: 25, 1: 0, 2: 0, 3: 0, 4: 0}",0
367,False,"{'a': 0.6, 'e': 1.5281906649926305e-48}",25,0,29.776055042965524,"{0: 25, 1: 0, 2: 0, 3: 0, 4: 0}",0
368,False,"{'a': 0.6, 'e': 1.1321114893022517e-48}",20,0,23.283836011364908,"{0: 20, 1: 0, 2: 0, 3: 0, 4: 0}",1
369,False,"{'a': 0.6, 'e': 8.386888191182239e-49}",20,0,30.745714554304385,"{0: 20, 1: 0, 2: 0, 3: 0, 4: 0}",0
370,False,"{'a': 0.6, 'e': 6.213159586848137e-49}",20,0,24.162505520766253,"{0: 20, 1: 0, 2: 0, 3: 0, 4: 0}",0
371,False,"{'a': 0.6, 'e': 4.6028218299403946e-49}",20,0,27.483742243772234,"{0: 20, 1: 0, 2: 0, 3: 0, 4: 0}",1
372,False,"{'a': 0.6, 'e': 3.4098542781714117e-49}",25,0,29.408563907410706,"{0: 25, 1: 0, 2: 0, 3: 0, 4: 0}",0
373,False,"{'a': 0.6, 'e': 2.5260821791388886e-49}",20,0,22.935035707121557,"{0: 20, 1: 0, 2: 0, 3: 0, 4: 0}",0
374,False,"{'a': 0.6, 'e': 1.871367705245468e-49}",30,0,36.70405888518253,"{0: 30, 1: 0, 2: 0, 3: 0, 4: 0}",0
375,False,"{'a': 0.6, 'e': 1.386343293641177e-49}",25,0,33.95837428439246,"{0: 25, 1: 0, 2: 0, 3: 0, 4: 0}",0
376,False,"{'a': 0.6, 'e': 1.0270283720492891e-49}",20,1,32.1027666912233,"{0: 19, 1: 0, 2: 0, 3: 0, 4: 0}",1
377,False,"{'a': 0.6, 'e': 7.608413311711957e-50}",30,0,32.553801531481625,"{0: 30, 1: 0, 2: 0, 3: 0, 4: 0}",0
378,False,"{'a': 0.6, 'e': 5.636451211793549e-50}",20,0,16.629618232855943,"{0: 19, 1: 0, 2: 1, 3: 0, 4: 0}",0
379,False,"{'a': 0.6, 'e': 4.1755857576802093e-50}",20,0,-18.33723536424179,"{0: 19, 1: 0, 2: 0, 3: 0, 4: 1}",0
380,False,"{'a': 0.6, 'e': 3.0933500113085753e-50}",30,0,42.18442228872139,"{0: 30, 1: 0, 2: 0, 3: 0, 4: 0}",0
381,False,"{'a': 0.6, 'e': 2.2916100513233905e-50}",20,0,23.21691361698386,"{0: 20, 1: 0, 2: 0, 3: 0, 4: 0}",0
382,False,"{'a': 0.6, 'e': 1.6976664807177343e-50}",20,0,28.4494487331721,"{0: 20, 1: 0, 2: 0, 3: 0, 4: 0}",0
383,False,"{'a': 0.6, 'e': 1.2576622615563057e-50}",20,0,-15.271780905866697,"{0: 18, 1: 0, 2: 0, 3: 2, 4: 0}",0
384,False,"{'a': 0.6, 'e': 9.316991188246876e-51}",20,13,13.280858293966489,"{0: 7, 1: 0, 2: 0, 3: 0, 4: 0}",1
385,False,"{'a': 0.6, 'e': 6.902196834184295e-51}",25,0,27.205680656445196,"{0: 25, 1: 0, 2: 0, 3: 0, 4: 0}",0
386,False,"{'a': 0.6, 'e': 5.113273177495395e-51}",30,0,33.04848151269203,"{0: 30, 1: 0, 2: 0, 3: 0, 4: 0}",0
387,False,"{'a': 0.6, 'e': 3.7880059372116923e-51}",20,0,24.547530788342474,"{0: 20, 1: 0, 2: 0, 3: 0, 4: 0}",0
388,False,"{'a': 0.6, 'e': 2.806223818336949e-51}",20,0,18.404943510331538,"{0: 20, 1: 0, 2: 0, 3: 0, 4: 0}",0
389,False,"{'a': 0.6, 'e': 2.078901735935035e-51}",25,9,30.53997447349995,"{0: 16, 1: 0, 2: 0, 3: 0, 4: 0}",1
390,False,"{'a': 0.6, 'e': 1.540088284987527e-51}",30,0,36.74633428889671,"{0: 30, 1: 0, 2: 0, 3: 0, 4: 0}",0
391,False,"{'a': 0.6, 'e': 1.1409254629772183e-51}",20,6,-2.4021033383760777,"{0: 13, 1: 0, 2: 0, 3: 1, 4: 0}",1
392,False,"{'a': 0.6, 'e': 8.45218371413248e-52}",20,0,-12.542674282870678,"{0: 19, 1: 0, 2: 0, 3: 0, 4: 1}",0
393,False,"{'a': 0.6, 'e': 6.261531699978618e-52}",30,0,36.84289088463172,"{0: 30, 1: 0, 2: 0, 3: 0, 4: 0}",0
394,False,"{'a': 0.6, 'e': 4.638656772720332e-52}",20,0,24.745868616984584,"{0: 20, 1: 0, 2: 0, 3: 0, 4: 0}",0
395,False,"{'a': 0.6, 'e': 3.4364014567198766e-52}",20,0,4.6652189571729865,"{0: 19, 1: 0, 2: 0, 3: 1, 4: 0}",0
396,False,"{'a': 0.6, 'e': 2.545748812715282e-52}",25,0,29.179991948360765,"{0: 25, 1: 0, 2: 0, 3: 0, 4: 0}",0
397,False,"{'a': 0.6, 'e': 1.8859371057383313e-52}",20,0,22.789770375726857,"{0: 20, 1: 0, 2: 0, 3: 0, 4: 0}",0
398,False,"{'a': 0.6, 'e': 1.3971365709906994e-52}",25,3,-9.600573106170765,"{0: 21, 1: 0, 2: 0, 3: 0, 4: 1}",1
399,False,"{'a': 0.6, 'e': 1.0350242285706866e-52}",25,7,16.295783343519357,"{0: 17, 1: 0, 2: 1, 3: 0, 4: 0}",1
400,False,"{'a': 0.6, 'e': 7.667648073722038e-53}",35,4,33.59110853511314,"{0: 31, 1: 0, 2: 0, 3: 0, 4: 0}",1
401,False,"{'a': 0.6, 'e': 5.680333402788362e-53}",25,1,36.68853415590612,"{0: 24, 1: 0, 2: 0, 3: 0, 4: 0}",1
402,False,"{'a': 0.6, 'e': 4.208094484332602e-53}",20,3,24.3815999193373,"{0: 17, 1: 0, 2: 0, 3: 0, 4: 0}",1
403,False,"{'a': 0.6, 'e': 3.1174330683438293e-53}",20,11,11.319824875596238,"{0: 9, 1: 0, 2: 0, 3: 0, 4: 0}",1
404,False,"{'a': 0.6, 'e': 2.3094512187848236e-53}",25,0,31.479703433401607,"{0: 25, 1: 0, 2: 0, 3: 0, 4: 0}",0
405,False,"{'a': 0.6, 'e': 1.7108835426513978e-53}",20,1,27.32744035877348,"{0: 19, 1: 0, 2: 0, 3: 0, 4: 0}",1
406,False,"{'a': 0.6, 'e': 1.2674537018606425e-53}",20,0,29.69438374528715,"{0: 20, 1: 0, 2: 0, 3: 0, 4: 0}",0
407,False,"{'a': 0.6, 'e': 9.389527962088576e-54}",20,0,29.82025874122443,"{0: 20, 1: 0, 2: 0, 3: 0, 4: 0}",0
408,False,"{'a': 0.6, 'e': 6.955933397915696e-54}",25,3,30.316811922698356,"{0: 22, 1: 0, 2: 0, 3: 0, 4: 0}",1
409,False,"{'a': 0.6, 'e': 5.153082203024442e-54}",20,0,28.643013315844716,"{0: 20, 1: 0, 2: 0, 3: 0, 4: 0}",0
410,False,"{'a': 0.6, 'e': 3.817497188671194e-54}",20,6,19.75757371467037,"{0: 14, 1: 0, 2: 0, 3: 0, 4: 0}",1
411,False,"{'a': 0.6, 'e': 2.828071474768854e-54}",25,19,9.477416130117033,"{0: 6, 1: 0, 2: 0, 3: 0, 4: 0}",1
412,False,"{'a': 0.6, 'e': 2.0950868778989842e-54}",20,0,21.543783889068038,"{0: 20, 1: 0, 2: 0, 3: 0, 4: 0}",0
413,False,"{'a': 0.6, 'e': 1.552078533058741e-54}",20,0,26.1168073116959,"{0: 20, 1: 0, 2: 0, 3: 0, 4: 0}",0
414,False,"{'a': 0.6, 'e': 1.1498080572188672e-54}",25,6,21.742021789249065,"{0: 19, 1: 0, 2: 0, 3: 0, 4: 0}",1
415,False,"{'a': 0.6, 'e': 8.517987590743841e-55}",20,1,25.38197990968071,"{0: 19, 1: 0, 2: 0, 3: 0, 4: 0}",1
416,False,"{'a': 0.6, 'e': 6.310280410763805e-55}",20,0,28.463805347412897,"{0: 20, 1: 0, 2: 0, 3: 0, 4: 0}",0
417,False,"{'a': 0.6, 'e': 4.6747707059047415e-55}",20,0,23.385599350234067,"{0: 20, 1: 0, 2: 0, 3: 0, 4: 0}",0
418,False,"{'a': 0.6, 'e': 3.463155316443369e-55}",25,0,37.162552070343864,"{0: 25, 1: 0, 2: 0, 3: 0, 4: 0}",0
419,False,"{'a': 0.6, 'e': 2.5655685594720083e-55}",20,0,31.017203419375438,"{0: 20, 1: 0, 2: 0, 3: 0, 4: 0}",0
420,False,"{'a': 0.6, 'e': 1.9006199352650114e-55}",20,0,29.365904005738177,"{0: 20, 1: 0, 2: 0, 3: 0, 4: 0}",0
421,False,"{'a': 0.6, 'e': 1.4080138786352275e-55}",25,0,36.072227188877285,"{0: 25, 1: 0, 2: 0, 3: 0, 4: 0}",0
422,False,"{'a': 0.6, 'e': 1.0430823362657136e-55}",20,0,26.24388615768895,"{0: 20, 1: 0, 2: 0, 3: 0, 4: 0}",0
423,False,"{'a': 0.6, 'e': 7.727344003768953e-56}",20,16,7.1391044152892045,"{0: 4, 1: 0, 2: 0, 3: 0, 4: 0}",1
424,False,"{'a': 0.6, 'e': 5.724557235467657e-56}",30,0,38.23914530428828,"{0: 30, 1: 0, 2: 0, 3: 0, 4: 0}",0
425,False,"{'a': 0.6, 'e': 4.2408563053698035e-56}",25,3,29.363799086417067,"{0: 22, 1: 0, 2: 0, 3: 0, 4: 0}",1
426,False,"{'a': 0.6, 'e': 3.1417036223109017e-56}",20,0,29.38847193196206,"{0: 20, 1: 0, 2: 0, 3: 0, 4: 0}",0
427,False,"{'a': 0.6, 'e': 2.32743128738967e-56}",25,0,31.145694847465666,"{0: 25, 1: 0, 2: 0, 3: 0, 4: 0}",0
428,False,"{'a': 0.6, 'e': 1.7242035050829752e-56}",25,0,27.025013974718114,"{0: 25, 1: 0, 2: 0, 3: 0, 4: 0}",0
429,False,"{'a': 0.6, 'e': 1.277321372728751e-56}",25,4,26.249743694815756,"{0: 21, 1: 0, 2: 0, 3: 0, 4: 0}",1
430,False,"{'a': 0.6, 'e': 9.462629465836427e-57}",20,12,11.378330905551406,"{0: 8, 1: 0, 2: 0, 3: 0, 4: 0}",1
431,False,"{'a': 0.6, 'e': 7.010088323851337e-57}",25,0,28.41833761728756,"{0: 25, 1: 0, 2: 0, 3: 0, 4: 0}",0
432,False,"{'a': 0.6, 'e': 5.193201158897233e-57}",30,0,37.8424833786089,"{0: 30, 1: 0, 2: 0, 3: 0, 4: 0}",1
433,False,"{'a': 0.6, 'e': 3.8472180421764833e-57}",25,0,32.80477459551754,"{0: 25, 1: 0, 2: 0, 3: 0, 4: 0}",0
434,False,"{'a': 0.6, 'e': 2.8500892245797847e-57}",25,14,-22.719351225744713,"{0: 10, 1: 0, 2: 0, 3: 0, 4: 1}",1
435,False,"{'a': 0.6, 'e': 2.111398028137333e-57}",25,3,30.354018265386745,"{0: 22, 1: 0, 2: 0, 3: 0, 4: 0}",1
436,False,"{'a': 0.6, 'e': 1.5641621303555867e-57}",20,0,24.151724731552505,"{0: 20, 1: 0, 2: 0, 3: 0, 4: 0}",0
437,False,"{'a': 0.6, 'e': 1.158759806267751e-57}",25,18,10.367342204868677,"{0: 7, 1: 0, 2: 0, 3: 0, 4: 0}",1
438,False,"{'a': 0.6, 'e': 8.584303778767675e-58}",25,0,33.487065620226105,"{0: 25, 1: 0, 2: 0, 3: 0, 4: 0}",0
439,False,"{'a': 0.6, 'e': 6.3594086511780164e-58}",25,20,10.078900802808821,"{0: 5, 1: 0, 2: 0, 3: 0, 4: 0}",1
440,False,"{'a': 0.6, 'e': 4.711165801553621e-58}",30,0,37.73565106640237,"{0: 30, 1: 0, 2: 0, 3: 0, 4: 0}",0
441,False,"{'a': 0.6, 'e': 3.490117466443513e-58}",25,0,-9.357771902345357,"{0: 24, 1: 0, 2: 0, 3: 0, 4: 1}",0
442,False,"{'a': 0.6, 'e': 2.5855426114608686e-58}",20,0,26.859231157665633,"{0: 20, 1: 0, 2: 0, 3: 0, 4: 0}",0
443,False,"{'a': 0.6, 'e': 1.9154170769192028e-58}",35,11,37.77822365060513,"{0: 24, 1: 0, 2: 0, 3: 0, 4: 0}",1
444,False,"{'a': 0.6, 'e': 1.4189758707866609e-58}",25,11,18.371017762433745,"{0: 14, 1: 0, 2: 0, 3: 0, 4: 0}",1
445,False,"{'a': 0.6, 'e': 1.0512031797864654e-58}",25,0,29.2547014473555,"{0: 25, 1: 0, 2: 0, 3: 0, 4: 0}",0
446,False,"{'a': 0.6, 'e': 7.787504692243733e-59}",25,0,30.05844752421212,"{0: 25, 1: 0, 2: 0, 3: 0, 4: 0}",0
447,False,"{'a': 0.6, 'e': 5.769125369658531e-59}",25,0,25.888567570379546,"{0: 25, 1: 0, 2: 0, 3: 0, 4: 0}",0
448,False,"{'a': 0.6, 'e': 4.273873191240191e-59}",20,10,15.681773128707336,"{0: 10, 1: 0, 2: 0, 3: 0, 4: 0}",1
449,False,"{'a': 0.6, 'e': 3.166163132953854e-59}",25,0,28.179810773972005,"{0: 25, 1: 0, 2: 0, 3: 0, 4: 0}",0
450,False,"{'a': 0.6, 'e': 2.345551338542927e-59}",25,0,35.14305465394408,"{0: 25, 1: 0, 2: 0, 3: 0, 4: 0}",0
451,False,"{'a': 0.6, 'e': 1.737627169136993e-59}",25,2,33.09316777526055,"{0: 23, 1: 0, 2: 0, 3: 0, 4: 0}",1
452,False,"{'a': 0.6, 'e': 1.2872658676482776e-59}",20,0,23.198753106322748,"{0: 20, 1: 0, 2: 0, 3: 0, 4: 0}",0
453,False,"{'a': 0.6, 'e': 9.536300096155047e-60}",25,3,28.274789945308555,"{0: 22, 1: 0, 2: 0, 3: 0, 4: 0}",1
454,False,"{'a': 0.6, 'e': 7.064664869120478e-60}",20,7,15.744319284172846,"{0: 13, 1: 0, 2: 0, 3: 0, 4: 0}",1
455,False,"{'a': 0.6, 'e': 5.233632458054474e-60}",20,0,25.199948952039584,"{0: 20, 1: 0, 2: 0, 3: 0, 4: 0}",0
456,False,"{'a': 0.6, 'e': 3.8771702852780005e-60}",25,6,27.607027800940106,"{0: 19, 1: 0, 2: 0, 3: 0, 4: 0}",1
457,False,"{'a': 0.6, 'e': 2.872278392019677e-60}",25,0,32.3162908074118,"{0: 25, 1: 0, 2: 0, 3: 0, 4: 0}",0
458,False,"{'a': 0.6, 'e': 2.1278361676785628e-60}",30,11,29.36559904772551,"{0: 19, 1: 0, 2: 0, 3: 0, 4: 0}",1
459,False,"{'a': 0.6, 'e': 1.5763398036418385e-60}",25,0,35.17162089899072,"{0: 25, 1: 0, 2: 0, 3: 0, 4: 0}",0
460,False,"{'a': 0.6, 'e': 1.1677812485237153e-60}",20,0,23.388500321531723,"{0: 20, 1: 0, 2: 0, 3: 0, 4: 0}",0
461,False,"{'a': 0.6, 'e': 8.651136266768137e-61}",20,3,-19.263311070480068,"{0: 15, 1: 0, 2: 0, 3: 2, 4: 0}",1
462,False,"{'a': 0.6, 'e': 6.40891937602225e-61}",25,0,29.539734695863288,"{0: 25, 1: 0, 2: 0, 3: 0, 4: 0}",0
463,False,"{'a': 0.6, 'e': 4.747844248637389e-61}",25,0,29.292888067407652,"{0: 25, 1: 0, 2: 0, 3: 0, 4: 0}",0
464,False,"{'a': 0.6, 'e': 3.517289528349478e-61}",20,0,23.13423223342062,"{0: 20, 1: 0, 2: 0, 3: 0, 4: 0}",0
465,False,"{'a': 0.6, 'e': 2.605672170014299e-61}",20,0,22.65297323378295,"{0: 20, 1: 0, 2: 0, 3: 0, 4: 0}",0
466,False,"{'a': 0.6, 'e': 1.9303294206698636e-61}",20,0,27.373316486658084,"{0: 20, 1: 0, 2: 0, 3: 0, 4: 0}",0
467,False,"{'a': 0.6, 'e': 1.4300232067502196e-61}",30,8,30.74186547992388,"{0: 22, 1: 0, 2: 0, 3: 0, 4: 0}",1
468,False,"{'a': 0.6, 'e': 1.059387247558262e-61}",25,0,35.90903286321902,"{0: 25, 1: 0, 2: 0, 3: 0, 4: 0}",0
469,False,"{'a': 0.6, 'e': 7.848133757490142e-62}",25,0,30.659098951335363,"{0: 25, 1: 0, 2: 0, 3: 0, 4: 0}",0
470,False,"{'a': 0.6, 'e': 5.814040485895972e-62}",35,7,43.20820986702434,"{0: 28, 1: 0, 2: 0, 3: 0, 4: 0}",1
471,False,"{'a': 0.6, 'e': 4.307147127732924e-62}",20,13,11.42239837250487,"{0: 7, 1: 0, 2: 0, 3: 0, 4: 0}",1
472,False,"{'a': 0.6, 'e': 3.190813071381477e-62}",25,0,31.609936864593045,"{0: 25, 1: 0, 2: 0, 3: 0, 4: 0}",0
473,False,"{'a': 0.6, 'e': 2.363812462068793e-62}",25,0,31.659304010874084,"{0: 25, 1: 0, 2: 0, 3: 0, 4: 0}",1
474,False,"{'a': 0.6, 'e': 1.751155342175074e-62}",25,3,24.442388720631754,"{0: 22, 1: 0, 2: 0, 3: 0, 4: 0}",1
475,False,"{'a': 0.6, 'e': 1.2972877847274232e-62}",20,13,13.118163784692895,"{0: 7, 1: 0, 2: 0, 3: 0, 4: 0}",1
476,False,"{'a': 0.6, 'e': 9.610544283938971e-63}",20,16,7.728358462902381,"{0: 4, 1: 0, 2: 0, 3: 0, 4: 0}",1
477,False,"{'a': 0.6, 'e': 7.119666316210523e-63}",20,14,9.929583110040296,"{0: 6, 1: 0, 2: 0, 3: 0, 4: 0}",1
478,False,"{'a': 0.6, 'e': 5.27437853222264e-63}",30,0,37.2773180389644,"{0: 30, 1: 0, 2: 0, 3: 0, 4: 0}",0
479,False,"{'a': 0.6, 'e': 3.907355719443027e-63}",20,0,28.439088808656237,"{0: 20, 1: 0, 2: 0, 3: 0, 4: 0}",0
480,False,"{'a': 0.6, 'e': 2.894640311648317e-63}",30,20,14.38343897997393,"{0: 10, 1: 0, 2: 0, 3: 0, 4: 0}",1
481,False,"{'a': 0.6, 'e': 2.1444022851888794e-63}",25,19,9.338981057542345,"{0: 6, 1: 0, 2: 0, 3: 0, 4: 0}",1
482,False,"{'a': 0.6, 'e': 1.5886122853394354e-63}",25,14,19.458467667022127,"{0: 11, 1: 0, 2: 0, 3: 0, 4: 0}",1
483,False,"{'a': 0.6, 'e': 1.176872926578278e-63}",20,0,23.46323526388493,"{0: 20, 1: 0, 2: 0, 3: 0, 4: 0}",0
484,False,"{'a': 0.6, 'e': 8.718489074362059e-64}",20,0,19.228185106393056,"{0: 20, 1: 0, 2: 0, 3: 0, 4: 0}",0
485,False,"{'a': 0.6, 'e': 6.458815563101897e-64}",25,14,18.600903586719234,"{0: 11, 1: 0, 2: 0, 3: 0, 4: 0}",1
486,False,"{'a': 0.6, 'e': 4.784808253168535e-64}",30,0,36.926296977211166,"{0: 30, 1: 0, 2: 0, 3: 0, 4: 0}",0
487,False,"{'a': 0.6, 'e': 3.544673136415513e-64}",25,0,29.033707305789022,"{0: 25, 1: 0, 2: 0, 3: 0, 4: 0}",1
488,False,"{'a': 0.6, 'e': 2.6259584458176248e-64}",25,0,33.0010974194753,"{0: 25, 1: 0, 2: 0, 3: 0, 4: 0}",0
489,False,"{'a': 0.6, 'e': 1.945357863414742e-64}",20,0,25.707319056835022,"{0: 20, 1: 0, 2: 0, 3: 0, 4: 0}",0
490,False,"{'a': 0.6, 'e': 1.4411565509640975e-64}",25,0,27.371291044385785,"{0: 25, 1: 0, 2: 0, 3: 0, 4: 0}",0
491,False,"{'a': 0.6, 'e': 1.067635031809024e-64}",25,1,36.22868968386249,"{0: 24, 1: 0, 2: 0, 3: 0, 4: 0}",1
492,False,"{'a': 0.6, 'e': 7.909234846022304e-65}",30,0,37.27452992050357,"{0: 30, 1: 0, 2: 0, 3: 0, 4: 0}",0
493,False,"{'a': 0.6, 'e': 5.8593052855840844e-65}",20,16,7.731091299705388,"{0: 4, 1: 0, 2: 0, 3: 0, 4: 0}",1
494,False,"{'a': 0.6, 'e': 4.340680116097386e-65}",25,17,11.902275177067205,"{0: 8, 1: 0, 2: 0, 3: 0, 4: 0}",1
495,False,"{'a': 0.6, 'e': 3.2156549201557784e-65}",20,15,9.024248742100603,"{0: 5, 1: 0, 2: 0, 3: 0, 4: 0}",1
496,False,"{'a': 0.6, 'e': 2.3822157562762154e-65}",25,0,31.592616444059356,"{0: 25, 1: 0, 2: 0, 3: 0, 4: 0}",0
497,False,"{'a': 0.6, 'e': 1.7647888378444988e-65}",20,7,19.830258665598105,"{0: 13, 1: 0, 2: 0, 3: 0, 4: 0}",1
498,False,"{'a': 0.6, 'e': 1.3073877267309184e-65}",30,0,38.58862728395949,"{0: 30, 1: 0, 2: 0, 3: 0, 4: 0}",0
499,False,"{'a': 0.6, 'e': 9.685366494579149e-66}",20,0,21.989599815954115,"{0: 20, 1: 0, 2: 0, 3: 0, 4: 0}",0
500,False,"{'a': 0.6, 'e': 7.175095973164452e-66}",20,9,17.945914600567352,"{0: 11, 1: 0, 2: 0, 3: 0, 4: 0}",1
501,False,"{'a': 0.6, 'e': 5.315441832060248e-66}",20,2,23.500898943819852,"{0: 18, 1: 0, 2: 0, 3: 0, 4: 0}",1
502,False,"{'a': 0.6, 'e': 3.9377761601640437e-66}",35,10,37.8356464162679,"{0: 25, 1: 0, 2: 0, 3: 0, 4: 0}",1
503,False,"{'a': 0.6, 'e': 2.917176328415614e-66}",20,10,17.91358474373069,"{0: 10, 1: 0, 2: 0, 3: 0, 4: 0}",1
504,False,"{'a': 0.6, 'e': 2.161097377031682e-66}",30,0,34.99835191198439,"{0: 30, 1: 0, 2: 0, 3: 0, 4: 0}",0
505,False,"{'a': 0.6, 'e': 1.6009803135725382e-66}",20,0,25.293952417860663,"{0: 20, 1: 0, 2: 0, 3: 0, 4: 0}",0
506,False,"{'a': 0.6, 'e': 1.1860353872472665e-66}",20,0,23.872863215341173,"{0: 20, 1: 0, 2: 0, 3: 0, 4: 0}",0
507,False,"{'a': 0.6, 'e': 8.786366252460722e-67}",20,0,-22.76073656681876,"{0: 19, 1: 0, 2: 0, 3: 0, 4: 1}",0
508,False,"{'a': 0.6, 'e': 6.509100213405846e-67}",25,3,30.544099286811722,"{0: 22, 1: 0, 2: 0, 3: 0, 4: 0}",1
509,False,"{'a': 0.6, 'e': 4.822060038334309e-67}",20,9,17.74190434443025,"{0: 11, 1: 0, 2: 0, 3: 0, 4: 0}",1
510,False,"{'a': 0.6, 'e': 3.572269937619239e-67}",25,5,27.46551885519157,"{0: 20, 1: 0, 2: 0, 3: 0, 4: 0}",1
511,False,"{'a': 0.6, 'e': 2.646402658981876e-67}",25,10,27.070959921596412,"{0: 15, 1: 0, 2: 0, 3: 0, 4: 0}",1
512,False,"{'a': 0.6, 'e': 1.9605033090343203e-67}",30,0,42.174421497163436,"{0: 30, 1: 0, 2: 0, 3: 0, 4: 0}",0
513,False,"{'a': 0.6, 'e': 1.4523765730394252e-67}",25,15,15.419211477957802,"{0: 10, 1: 0, 2: 0, 3: 0, 4: 0}",1
514,False,"{'a': 0.6, 'e': 1.075947028598878e-67}",20,0,27.49382621503634,"{0: 20, 1: 0, 2: 0, 3: 0, 4: 0}",0
515,False,"{'a': 0.6, 'e': 7.970811632744022e-68}",20,12,13.215387802670898,"{0: 8, 1: 0, 2: 0, 3: 0, 4: 0}",1
516,False,"{'a': 0.6, 'e': 5.904922491158565e-68}",20,0,24.571286915029525,"{0: 20, 1: 0, 2: 0, 3: 0, 4: 0}",0
517,False,"{'a': 0.6, 'e': 4.374474173163545e-68}",25,4,22.557336975533513,"{0: 21, 1: 0, 2: 0, 3: 0, 4: 0}",1
518,False,"{'a': 0.6, 'e': 3.2406901733811464e-68}",25,20,9.68953732983905,"{0: 5, 1: 0, 2: 0, 3: 0, 4: 0}",1
519,False,"{'a': 0.6, 'e': 2.4007623280249488e-68}",20,0,27.990460031316985,"{0: 20, 1: 0, 2: 0, 3: 0, 4: 0}",0
520,False,"{'a': 0.6, 'e': 1.7785284761271413e-68}",20,0,29.43158935605564,"{0: 20, 1: 0, 2: 0, 3: 0, 4: 0}",0
521,False,"{'a': 0.6, 'e': 1.317566301116276e-68}",35,0,44.061420459235435,"{0: 35, 1: 0, 2: 0, 3: 0, 4: 0}",0
522,False,"{'a': 0.6, 'e': 9.76077122823152e-69}",25,0,36.30827925411908,"{0: 25, 1: 0, 2: 0, 3: 0, 4: 0}",0
523,False,"{'a': 0.6, 'e': 7.230957173779781e-69}",25,0,30.023688117270805,"{0: 25, 1: 0, 2: 0, 3: 0, 4: 0}",0
524,False,"{'a': 0.6, 'e': 5.35682482730524e-69}",20,0,19.86700288576042,"{0: 20, 1: 0, 2: 0, 3: 0, 4: 0}",0
525,False,"{'a': 0.6, 'e': 3.968433437067919e-69}",20,11,18.96850401543344,"{0: 9, 1: 0, 2: 0, 3: 0, 4: 0}",1
526,False,"{'a': 0.6, 'e': 2.93988779774249e-69}",30,0,33.44158780097593,"{0: 30, 1: 0, 2: 0, 3: 0, 4: 0}",0
527,False,"{'a': 0.6, 'e': 2.1779224473274855e-69}",25,0,29.634093029861187,"{0: 25, 1: 0, 2: 0, 3: 0, 4: 0}",0
528,False,"{'a': 0.6, 'e': 1.6134446322119203e-69}",20,0,29.884505572071795,"{0: 20, 1: 0, 2: 0, 3: 0, 4: 0}",0
529,False,"{'a': 0.6, 'e': 1.1952691816037035e-69}",30,12,23.311182037022228,"{0: 18, 1: 0, 2: 0, 3: 0, 4: 0}",1
530,False,"{'a': 0.6, 'e': 8.854771883513488e-70}",25,0,23.176938799048784,"{0: 25, 1: 0, 2: 0, 3: 0, 4: 0}",0
531,False,"{'a': 0.6, 'e': 6.559776351286966e-70}",35,0,50.29420738057438,"{0: 35, 1: 0, 2: 0, 3: 0, 4: 0}",0
532,False,"{'a': 0.6, 'e': 4.859601844630422e-70}",25,0,37.45082220674625,"{0: 25, 1: 0, 2: 0, 3: 0, 4: 0}",0
533,False,"{'a': 0.6, 'e': 3.6000815917607034e-70}",20,0,-11.545856913591413,"{0: 19, 1: 0, 2: 0, 3: 0, 4: 1}",0
534,False,"{'a': 0.6, 'e': 2.667006039117171e-70}",20,0,22.550401435678435,"{0: 20, 1: 0, 2: 0, 3: 0, 4: 0}",0
535,False,"{'a': 0.6, 'e': 1.9757666684461785e-70}",30,0,39.015631233392256,"{0: 30, 1: 0, 2: 0, 3: 0, 4: 0}",0
536,False,"{'a': 0.6, 'e': 1.4636839478005435e-70}",20,3,20.87597285717131,"{0: 17, 1: 0, 2: 0, 3: 0, 4: 0}",1
537,False,"{'a': 0.6, 'e': 1.0843237378499911e-70}",25,0,32.605241245082546,"{0: 25, 1: 0, 2: 0, 3: 0, 4: 0}",0
538,False,"{'a': 0.6, 'e': 8.0328678211698e-71}",20,0,21.960797043432652,"{0: 20, 1: 0, 2: 0, 3: 0, 4: 0}",0
539,False,"{'a': 0.6, 'e': 5.950894846250439e-71}",30,17,25.1926250651346,"{0: 13, 1: 0, 2: 0, 3: 0, 4: 0}",1
540,False,"{'a': 0.6, 'e': 4.408531331463255e-71}",20,14,10.212711748390848,"{0: 6, 1: 0, 2: 0, 3: 0, 4: 0}",1
541,False,"{'a': 0.6, 'e': 3.2659203367942134e-71}",25,0,30.4003161002492,"{0: 25, 1: 0, 2: 0, 3: 0, 4: 0}",0
542,False,"{'a': 0.6, 'e': 2.419453292792126e-71}",25,0,28.065999833832876,"{0: 25, 1: 0, 2: 0, 3: 0, 4: 0}",0
543,False,"{'a': 0.6, 'e': 1.792375083388786e-71}",20,0,29.268472025443558,"{0: 20, 1: 0, 2: 0, 3: 0, 4: 0}",0
544,False,"{'a': 0.6, 'e': 1.3278241200703263e-71}",30,14,27.595238010284547,"{0: 16, 1: 0, 2: 0, 3: 0, 4: 0}",1
545,False,"{'a': 0.6, 'e': 9.836763020087668e-72}",25,8,27.84847549785081,"{0: 17, 1: 0, 2: 0, 3: 0, 4: 0}",1
546,False,"{'a': 0.6, 'e': 7.287253277809068e-72}",20,0,23.011477462851776,"{0: 20, 1: 0, 2: 0, 3: 0, 4: 0}",0
547,False,"{'a': 0.6, 'e': 5.398530006923529e-72}",20,0,29.511163122801683,"{0: 20, 1: 0, 2: 0, 3: 0, 4: 0}",0
548,False,"{'a': 0.6, 'e': 3.999329394025951e-72}",20,0,26.34351798072394,"{0: 20, 1: 0, 2: 0, 3: 0, 4: 0}",0
549,False,"{'a': 0.6, 'e': 2.9627760856023977e-72}",25,16,13.649372570328584,"{0: 9, 1: 0, 2: 0, 3: 0, 4: 0}",1
550,False,"{'a': 0.6, 'e': 2.1948785080143133e-72}",20,0,26.529754551456744,"{0: 20, 1: 0, 2: 0, 3: 0, 4: 0}",0
551,False,"{'a': 0.6, 'e': 1.6260059909197073e-72}",20,0,21.072641361403242,"{0: 20, 1: 0, 2: 0, 3: 0, 4: 0}",0
552,False,"{'a': 0.6, 'e': 1.2045748650109512e-72}",30,16,-18.84679402238232,"{0: 13, 1: 0, 2: 0, 3: 0, 4: 1}",1
553,False,"{'a': 0.6, 'e': 8.923710081753334e-73}",20,0,23.812367374698606,"{0: 20, 1: 0, 2: 0, 3: 0, 4: 0}",0
554,False,"{'a': 0.6, 'e': 6.610847024644012e-73}",20,0,-23.0295100591879,"{0: 19, 1: 0, 2: 0, 3: 0, 4: 1}",0
555,False,"{'a': 0.6, 'e': 4.897435929995806e-73}",20,0,26.565689839552217,"{0: 20, 1: 0, 2: 0, 3: 0, 4: 0}",0
556,False,"{'a': 0.6, 'e': 3.628109771562207e-73}",20,0,24.81805113572915,"{0: 20, 1: 0, 2: 0, 3: 0, 4: 0}",0
557,False,"{'a': 0.6, 'e': 2.6877698254066682e-73}",35,0,45.32696880246307,"{0: 35, 1: 0, 2: 0, 3: 0, 4: 0}",0
558,False,"{'a': 0.6, 'e': 1.9911488596597793e-73}",30,0,33.86875542159772,"{0: 30, 1: 0, 2: 0, 3: 0, 4: 0}",0
559,False,"{'a': 0.6, 'e': 1.4750793553255894e-73}",25,7,29.330113517462696,"{0: 18, 1: 0, 2: 0, 3: 0, 4: 0}",1
560,False,"{'a': 0.6, 'e': 1.0927656633766386e-73}",20,4,24.73020128525019,"{0: 16, 1: 0, 2: 0, 3: 0, 4: 0}",1
561,False,"{'a': 0.6, 'e': 8.095407143647585e-74}",20,0,22.96652651390692,"{0: 20, 1: 0, 2: 0, 3: 0, 4: 0}",0
562,False,"{'a': 0.6, 'e': 5.9972251158510715e-74}",30,0,38.31318973810527,"{0: 30, 1: 0, 2: 0, 3: 0, 4: 0}",0
563,False,"{'a': 0.6, 'e': 4.4428536393525e-74}",35,0,34.57148207861887,"{0: 35, 1: 0, 2: 0, 3: 0, 4: 0}",0
564,False,"{'a': 0.6, 'e': 3.291346927854414e-74}",20,0,9.046180667864867,"{0: 19, 1: 0, 2: 0, 3: 1, 4: 0}",0
565,False,"{'a': 0.6, 'e': 2.4382897747393455e-74}",30,15,26.47889799659025,"{0: 15, 1: 0, 2: 0, 3: 0, 4: 0}",1
566,False,"{'a': 0.6, 'e': 1.806329492428829e-74}",30,0,28.47777918706443,"{0: 30, 1: 0, 2: 0, 3: 0, 4: 0}",0
567,False,"{'a': 0.6, 'e': 1.3381618005460355e-74}",20,12,13.158390232283267,"{0: 8, 1: 0, 2: 0, 3: 0, 4: 0}",1
568,False,"{'a': 0.6, 'e': 9.91334644064758e-75}",20,0,27.350182347282214,"{0: 20, 1: 0, 2: 0, 3: 0, 4: 0}",0
569,False,"{'a': 0.6, 'e': 7.343987671161981e-75}",25,4,27.470338853764517,"{0: 21, 1: 0, 2: 0, 3: 0, 4: 0}",1
570,False,"{'a': 0.6, 'e': 5.440559879258691e-75}",20,0,18.851161767738105,"{0: 20, 1: 0, 2: 0, 3: 0, 4: 0}",0
571,False,"{'a': 0.6, 'e': 4.0304658892647654e-75}",25,0,34.58385299518616,"{0: 25, 1: 0, 2: 0, 3: 0, 4: 0}",0
572,False,"{'a': 0.6, 'e': 2.985842568603481e-75}",25,18,14.923621730769838,"{0: 7, 1: 0, 2: 0, 3: 0, 4: 0}",1
573,False,"{'a': 0.6, 'e': 2.211966578908561e-75}",25,2,28.82697485629066,"{0: 23, 1: 0, 2: 0, 3: 0, 4: 0}",1
574,False,"{'a': 0.6, 'e': 1.638665145194467e-75}",30,0,45.692715816186535,"{0: 30, 1: 0, 2: 0, 3: 0, 4: 0}",0
575,False,"{'a': 0.6, 'e': 1.2139529971561139e-75}",30,18,21.67249999701939,"{0: 12, 1: 0, 2: 0, 3: 0, 4: 0}",1
576,False,"{'a': 0.6, 'e': 8.993184993444308e-76}",30,20,13.344653226518552,"{0: 10, 1: 0, 2: 0, 3: 0, 4: 0}",1
577,False,"{'a': 0.6, 'e': 6.66231530510494e-76}",20,0,31.99308869869793,"{0: 20, 1: 0, 2: 0, 3: 0, 4: 0}",0
578,False,"{'a': 0.6, 'e': 4.9355645699484175e-76}",20,0,22.563645845883723,"{0: 20, 1: 0, 2: 0, 3: 0, 4: 0}",0
579,False,"{'a': 0.6, 'e': 3.6563561627689147e-76}",30,18,20.17339033320399,"{0: 12, 1: 0, 2: 0, 3: 0, 4: 0}",1
580,False,"{'a': 0.6, 'e': 2.708695266681101e-76}",20,0,27.929462635667676,"{0: 20, 1: 0, 2: 0, 3: 0, 4: 0}",0
581,False,"{'a': 0.6, 'e': 2.0066508078316845e-76}",20,0,17.841567947565082,"{0: 20, 1: 0, 2: 0, 3: 0, 4: 0}",0
582,False,"{'a': 0.6, 'e': 1.4865634809874003e-76}",25,4,26.18795584722797,"{0: 21, 1: 0, 2: 0, 3: 0, 4: 0}",1
583,False,"{'a': 0.6, 'e': 1.1012733129155067e-76}",20,0,-16.379004053968302,"{0: 19, 1: 0, 2: 0, 3: 0, 4: 1}",0
584,False,"{'a': 0.6, 'e': 8.158433361583263e-77}",20,0,26.351780272414608,"{0: 20, 1: 0, 2: 0, 3: 0, 4: 0}",0
585,False,"{'a': 0.6, 'e': 6.043916086478479e-77}",30,0,38.6432150196984,"{0: 30, 1: 0, 2: 0, 3: 0, 4: 0}",0
586,False,"{'a': 0.6, 'e': 4.4774431611345984e-77}",30,0,35.27997102649573,"{0: 30, 1: 0, 2: 0, 3: 0, 4: 0}",0
587,False,"{'a': 0.6, 'e': 3.3169714758352593e-77}",25,0,34.72111211797934,"{0: 25, 1: 0, 2: 0, 3: 0, 4: 0}",0
588,False,"{'a': 0.6, 'e': 2.4572729067802885e-77}",25,0,34.786145834971904,"{0: 25, 1: 0, 2: 0, 3: 0, 4: 0}",0
589,False,"{'a': 0.6, 'e': 1.820392542530366e-77}",25,5,30.732713386064574,"{0: 20, 1: 0, 2: 0, 3: 0, 4: 0}",1
590,False,"{'a': 0.6, 'e': 1.3485799642996142e-77}",25,0,25.41580504620459,"{0: 25, 1: 0, 2: 0, 3: 0, 4: 0}",0
591,False,"{'a': 0.6, 'e': 9.990526095994547e-78}",20,0,25.023913273259573,"{0: 20, 1: 0, 2: 0, 3: 0, 4: 0}",0
592,False,"{'a': 0.6, 'e': 7.40116376610895e-78}",20,0,24.53377766722782,"{0: 20, 1: 0, 2: 0, 3: 0, 4: 0}",0
593,False,"{'a': 0.6, 'e': 5.482916972182834e-78}",20,16,7.20301811460463,"{0: 4, 1: 0, 2: 0, 3: 0, 4: 0}",1
594,False,"{'a': 0.6, 'e': 4.0618447954780786e-78}",25,13,20.541946791646154,"{0: 12, 1: 0, 2: 0, 3: 0, 4: 0}",1
595,False,"{'a': 0.6, 'e': 3.0090886340713665e-78}",30,20,15.354298790050663,"{0: 10, 1: 0, 2: 0, 3: 0, 4: 0}",1
596,False,"{'a': 0.6, 'e': 2.229187687766331e-78}",30,20,16.010536100440223,"{0: 10, 1: 0, 2: 0, 3: 0, 4: 0}",1
597,False,"{'a': 0.6, 'e': 1.651422856416646e-78}",20,1,30.83385206929357,"{0: 19, 1: 0, 2: 0, 3: 0, 4: 0}",1
598,False,"{'a': 0.6, 'e': 1.2234041420837e-78}",25,2,25.89588179115766,"{0: 23, 1: 0, 2: 0, 3: 0, 4: 0}",1
599,False,"{'a': 0.6, 'e': 9.063200797130901e-79}",20,0,25.26055336968205,"{0: 20, 1: 0, 2: 0, 3: 0, 4: 0}",0
600,False,"{'a': 0.6, 'e': 6.714184288211642e-79}",25,3,29.745535562748085,"{0: 22, 1: 0, 2: 0, 3: 0, 4: 0}",1
601,False,"{'a': 0.6, 'e': 4.9739900577220945e-79}",25,0,32.25065763723646,"{0: 25, 1: 0, 2: 0, 3: 0, 4: 0}",0
602,False,"{'a': 0.6, 'e': 3.684822464250237e-79}",20,0,20.379184600387354,"{0: 20, 1: 0, 2: 0, 3: 0, 4: 0}",0
603,False,"{'a': 0.6, 'e': 2.7297836214938835e-79}",30,0,28.668770137025902,"{0: 30, 1: 0, 2: 0, 3: 0, 4: 0}",0
604,False,"{'a': 0.6, 'e': 2.0222734453211947e-79}",25,0,27.85591341716954,"{0: 25, 1: 0, 2: 0, 3: 0, 4: 0}",0
605,False,"{'a': 0.6, 'e': 1.4981370154947346e-79}",20,0,-15.919654752797939,"{0: 19, 1: 0, 2: 0, 3: 0, 4: 1}",0
606,False,"{'a': 0.6, 'e': 1.1098471981562286e-79}",20,0,26.23093184608226,"{0: 20, 1: 0, 2: 0, 3: 0, 4: 0}",0
607,False,"{'a': 0.6, 'e': 8.221950265666872e-80}",30,16,17.047813773188157,"{0: 14, 1: 0, 2: 0, 3: 0, 4: 0}",1
608,False,"{'a': 0.6, 'e': 6.09097056634491e-80}",20,0,26.450494987688685,"{0: 20, 1: 0, 2: 0, 3: 0, 4: 0}",0
609,False,"{'a': 0.6, 'e': 4.512301977184352e-80}",20,0,26.878828328888765,"{0: 20, 1: 0, 2: 0, 3: 0, 4: 0}",0
610,False,"{'a': 0.6, 'e': 3.342795521916309e-80}",30,0,32.88212125294438,"{0: 30, 1: 0, 2: 0, 3: 0, 4: 0}",0
611,False,"{'a': 0.6, 'e': 2.4764038306488546e-80}",30,12,30.3568358849938,"{0: 18, 1: 0, 2: 0, 3: 0, 4: 0}",1
612,False,"{'a': 0.6, 'e': 1.8345650795106745e-80}",20,1,20.274354602455823,"{0: 19, 1: 0, 2: 0, 3: 0, 4: 0}",1
613,False,"{'a': 0.6, 'e': 1.3590792379279122e-80}",20,3,18.658095974211193,"{0: 17, 1: 0, 2: 0, 3: 0, 4: 0}",1
614,False,"{'a': 0.6, 'e': 1.006830662807221e-80}",30,0,39.08643610460132,"{0: 30, 1: 0, 2: 0, 3: 0, 4: 0}",0
615,False,"{'a': 0.6, 'e': 7.458785001486401e-81}",20,0,28.528239636510843,"{0: 20, 1: 0, 2: 0, 3: 0, 4: 0}",0
616,False,"{'a': 0.6, 'e': 5.525603833248639e-81}",20,11,15.130880647762744,"{0: 9, 1: 0, 2: 0, 3: 0, 4: 0}",1
617,False,"{'a': 0.6, 'e': 4.0934679999393367e-81}",20,16,6.354168247270126,"{0: 4, 1: 0, 2: 0, 3: 0, 4: 0}",1
618,False,"{'a': 0.6, 'e': 3.03251568013261e-81}",20,0,22.507065419735273,"{0: 20, 1: 0, 2: 0, 3: 0, 4: 0}",0
619,False,"{'a': 0.6, 'e': 2.2465428703452496e-81}",20,0,25.012995576695186,"{0: 20, 1: 0, 2: 0, 3: 0, 4: 0}",0
620,False,"{'a': 0.6, 'e': 1.664279891894367e-81}",20,6,18.547013993640896,"{0: 14, 1: 0, 2: 0, 3: 0, 4: 0}",1
621,False,"{'a': 0.6, 'e': 1.2329288682295468e-81}",20,0,9.375313238539645,"{0: 19, 1: 0, 2: 0, 3: 1, 4: 0}",0
622,False,"{'a': 0.6, 'e': 9.13376170388937e-82}",20,12,15.832916185276197,"{0: 8, 1: 0, 2: 0, 3: 0, 4: 0}",1
623,False,"{'a': 0.6, 'e': 6.766457093606139e-82}",25,18,12.300444489598458,"{0: 7, 1: 0, 2: 0, 3: 0, 4: 0}",1
624,False,"{'a': 0.6, 'e': 5.0127147044044876e-82}",25,0,30.193658130186236,"{0: 25, 1: 0, 2: 0, 3: 0, 4: 0}",0
625,False,"{'a': 0.6, 'e': 3.713510388102016e-82}",20,1,27.924753052885357,"{0: 19, 1: 0, 2: 0, 3: 0, 4: 0}",1
626,False,"{'a': 0.6, 'e': 2.7510361581968114e-82}",20,0,22.575938504975607,"{0: 20, 1: 0, 2: 0, 3: 0, 4: 0}",0
627,False,"{'a': 0.6, 'e': 2.0380177117464308e-82}",20,2,14.603980748825004,"{0: 17, 1: 1, 2: 0, 3: 0, 4: 0}",1
628,False,"{'a': 0.6, 'e': 1.509800654933817e-82}",30,0,41.92268679004717,"{0: 30, 1: 0, 2: 0, 3: 0, 4: 0}",0
629,False,"{'a': 0.6, 'e': 1.1184878347721626e-82}",25,0,28.26878260752948,"{0: 25, 1: 0, 2: 0, 3: 0, 4: 0}",0
630,False,"{'a': 0.6, 'e': 8.285961676100607e-83}",35,9,41.606555390687525,"{0: 26, 1: 0, 2: 0, 3: 0, 4: 0}",1
631,False,"{'a': 0.6, 'e': 6.138391385525756e-83}",30,0,36.103495541013515,"{0: 30, 1: 0, 2: 0, 3: 0, 4: 0}",0
632,False,"{'a': 0.6, 'e': 4.5474321840731755e-83}",25,0,29.92027538190304,"{0: 25, 1: 0, 2: 0, 3: 0, 4: 0}",0
633,False,"{'a': 0.6, 'e': 3.368820619275868e-83}",35,0,35.79338796449361,"{0: 35, 1: 0, 2: 0, 3: 0, 4: 0}",0
634,False,"{'a': 0.6, 'e': 2.4956836969678314e-83}",20,14,11.61287423047309,"{0: 6, 1: 0, 2: 0, 3: 0, 4: 0}",1
635,False,"{'a': 0.6, 'e': 1.8488479557720804e-83}",25,0,28.06099181187453,"{0: 25, 1: 0, 2: 0, 3: 0, 4: 0}",0
636,False,"{'a': 0.6, 'e': 1.3696602529061041e-83}",20,0,24.476857264034713,"{0: 20, 1: 0, 2: 0, 3: 0, 4: 0}",0
637,False,"{'a': 0.6, 'e': 1.0146692714963717e-83}",30,0,41.52782219049992,"{0: 30, 1: 0, 2: 0, 3: 0, 4: 0}",0
638,False,"{'a': 0.6, 'e': 7.51685484290357e-84}",30,8,36.2731981244896,"{0: 22, 1: 0, 2: 0, 3: 0, 4: 0}",1
639,False,"{'a': 0.6, 'e': 5.568623029842577e-84}",25,13,17.25007180883965,"{0: 12, 1: 0, 2: 0, 3: 0, 4: 0}",1
640,False,"{'a': 0.6, 'e': 4.125337404615215e-84}",25,0,31.68596304278708,"{0: 25, 1: 0, 2: 0, 3: 0, 4: 0}",0
641,False,"{'a': 0.6, 'e': 3.0561251157987796e-84}",30,0,35.746999620742244,"{0: 30, 1: 0, 2: 0, 3: 0, 4: 0}",0
642,False,"{'a': 0.6, 'e': 2.264033170466761e-84}",30,0,38.20729134274091,"{0: 30, 1: 0, 2: 0, 3: 0, 4: 0}",0
643,False,"{'a': 0.6, 'e': 1.6772370249095743e-84}",20,5,21.8132024985359,"{0: 15, 1: 0, 2: 0, 3: 0, 4: 0}",1
644,False,"{'a': 0.6, 'e': 1.242527748455009e-84}",20,0,28.42062697632995,"{0: 20, 1: 0, 2: 0, 3: 0, 4: 0}",0
645,False,"{'a': 0.6, 'e': 9.20487195758101e-85}",30,0,38.54863600920315,"{0: 30, 1: 0, 2: 0, 3: 0, 4: 0}",0
646,False,"{'a': 0.6, 'e': 6.819136865218205e-85}",25,7,30.9319467562716,"{0: 18, 1: 0, 2: 0, 3: 0, 4: 0}",1
647,False,"{'a': 0.6, 'e': 5.051740839076058e-85}",20,5,23.573610872439705,"{0: 15, 1: 0, 2: 0, 3: 0, 4: 0}",1
648,False,"{'a': 0.6, 'e': 3.7424216597494937e-85}",25,0,36.11110084327535,"{0: 25, 1: 0, 2: 0, 3: 0, 4: 0}",0
649,False,"{'a': 0.6, 'e': 2.772454155016341e-85}",25,0,26.890227325741986,"{0: 25, 1: 0, 2: 0, 3: 0, 4: 0}",0
650,False,"{'a': 0.6, 'e': 2.0538845540408415e-85}",20,0,-12.441677421613855,"{0: 19, 1: 0, 2: 0, 3: 0, 4: 1}",0
651,False,"{'a': 0.6, 'e': 1.5215551008101997e-85}",25,0,41.61255880082888,"{0: 25, 1: 0, 2: 0, 3: 0, 4: 0}",0
652,False,"{'a': 0.6, 'e': 1.127195742451404e-85}",20,0,28.725349483049577,"{0: 20, 1: 0, 2: 0, 3: 0, 4: 0}",0
653,False,"{'a': 0.6, 'e': 8.35047144282857e-86}",20,0,24.003514445950614,"{0: 20, 1: 0, 2: 0, 3: 0, 4: 0}",0
654,False,"{'a': 0.6, 'e': 6.186181396129759e-86}",25,8,28.882594141163164,"{0: 17, 1: 0, 2: 0, 3: 0, 4: 0}",1
655,False,"{'a': 0.6, 'e': 4.582835894695193e-86}",20,0,28.61954958976076,"{0: 20, 1: 0, 2: 0, 3: 0, 4: 0}",0
656,False,"{'a': 0.6, 'e': 3.395048333184402e-86}",20,0,22.638062472060607,"{0: 20, 1: 0, 2: 0, 3: 0, 4: 0}",0
657,False,"{'a': 0.6, 'e': 2.5151136653181003e-86}",20,0,22.51990949046098,"{0: 20, 1: 0, 2: 0, 3: 0, 4: 0}",0
658,False,"{'a': 0.6, 'e': 1.8632420303532288e-86}",25,0,29.731473930567198,"{0: 25, 1: 0, 2: 0, 3: 0, 4: 0}",0
659,False,"{'a': 0.6, 'e': 1.3803236456256703e-86}",25,11,20.52588202140489,"{0: 14, 1: 0, 2: 0, 3: 0, 4: 0}",1
660,False,"{'a': 0.6, 'e': 1.0225689071173112e-86}",30,11,29.0928253925795,"{0: 19, 1: 0, 2: 0, 3: 0, 4: 0}",1
661,False,"{'a': 0.6, 'e': 7.575376782950953e-87}",25,0,28.740579579083132,"{0: 25, 1: 0, 2: 0, 3: 0, 4: 0}",0
662,False,"{'a': 0.6, 'e': 5.611977149339321e-87}",25,0,31.415280525585015,"{0: 25, 1: 0, 2: 0, 3: 0, 4: 0}",0
663,False,"{'a': 0.6, 'e': 4.157454926280015e-87}",30,0,34.992496252366855,"{0: 30, 1: 0, 2: 0, 3: 0, 4: 0}",0
664,False,"{'a': 0.6, 'e': 3.079918361051203e-87}",20,0,23.619220844136414,"{0: 20, 1: 0, 2: 0, 3: 0, 4: 0}",0
665,False,"{'a': 0.6, 'e': 2.281659640078905e-87}",20,16,5.121699141107156,"{0: 4, 1: 0, 2: 0, 3: 0, 4: 0}",1
666,False,"{'a': 0.6, 'e': 1.6902950347645432e-87}",25,0,30.267205273388537,"{0: 25, 1: 0, 2: 0, 3: 0, 4: 0}",0
667,False,"{'a': 0.6, 'e': 1.2522013600814114e-87}",20,1,23.179488155543613,"{0: 19, 1: 0, 2: 0, 3: 0, 4: 0}",1
668,False,"{'a': 0.6, 'e': 9.276535835107383e-88}",20,3,26.649650268984864,"{0: 17, 1: 0, 2: 0, 3: 0, 4: 0}",1
669,False,"{'a': 0.6, 'e': 6.872226771454445e-88}",30,0,33.55618556584204,"{0: 30, 1: 0, 2: 0, 3: 0, 4: 0}",0
670,False,"{'a': 0.6, 'e': 5.091070808950148e-88}",25,3,30.784658864800925,"{0: 22, 1: 0, 2: 0, 3: 0, 4: 0}",1
671,False,"{'a': 0.6, 'e': 3.7715580180510827e-88}",20,11,17.31219512251765,"{0: 9, 1: 0, 2: 0, 3: 0, 4: 0}",1
672,False,"{'a': 0.6, 'e': 2.7940389001304694e-88}",20,0,24.145474767334047,"{0: 20, 1: 0, 2: 0, 3: 0, 4: 0}",0
673,False,"{'a': 0.6, 'e': 2.0698749265101584e-88}",20,0,27.16819938446033,"{0: 20, 1: 0, 2: 0, 3: 0, 4: 0}",0
674,False,"{'a': 0.6, 'e': 1.5334010600909572e-88}",30,22,15.595035537221605,"{0: 8, 1: 0, 2: 0, 3: 0, 4: 0}",1
675,False,"{'a': 0.6, 'e': 1.1359714449280428e-88}",20,0,20.275083019379924,"{0: 20, 1: 0, 2: 0, 3: 0, 4: 0}",0
676,False,"{'a': 0.6, 'e': 8.415483445768328e-89}",25,16,11.718157747953887,"{0: 9, 1: 0, 2: 0, 3: 0, 4: 0}",1
677,False,"{'a': 0.6, 'e': 6.234343472470545e-89}",20,0,26.87473889718505,"{0: 20, 1: 0, 2: 0, 3: 0, 4: 0}",0
678,False,"{'a': 0.6, 'e': 4.618515238394311e-89}",30,0,40.25763766590066,"{0: 30, 1: 0, 2: 0, 3: 0, 4: 0}",0
679,False,"{'a': 0.6, 'e': 3.4214802410986736e-89}",25,0,31.91914156727732,"{0: 25, 1: 0, 2: 0, 3: 0, 4: 0}",0
680,False,"{'a': 0.6, 'e': 2.5346949043083743e-89}",25,0,44.90446805768032,"{0: 25, 1: 0, 2: 0, 3: 0, 4: 0}",0
681,False,"{'a': 0.6, 'e': 1.877748168980747e-89}",20,12,14.796555482878693,"{0: 8, 1: 0, 2: 0, 3: 0, 4: 0}",1
682,False,"{'a': 0.6, 'e': 1.3910700574326707e-89}",35,0,40.872908594769434,"{0: 35, 1: 0, 2: 0, 3: 0, 4: 0}",0
683,False,"{'a': 0.6, 'e': 1.0305300447908862e-89}",30,0,39.909750520918216,"{0: 30, 1: 0, 2: 0, 3: 0, 4: 0}",0
684,False,"{'a': 0.6, 'e': 7.634354341410354e-90}",30,3,36.306463454922024,"{0: 27, 1: 0, 2: 0, 3: 0, 4: 0}",1
685,False,"{'a': 0.6, 'e': 5.655668799257367e-90}",20,14,8.685510236041704,"{0: 6, 1: 0, 2: 0, 3: 0, 4: 0}",1
686,False,"{'a': 0.6, 'e': 4.18982249663095e-90}",20,0,23.28981949252376,"{0: 20, 1: 0, 2: 0, 3: 0, 4: 0}",0
687,False,"{'a': 0.6, 'e': 3.1038968469263733e-90}",30,15,24.821015712453722,"{0: 15, 1: 0, 2: 0, 3: 0, 4: 0}",1
688,False,"{'a': 0.6, 'e': 2.2994233393195903e-90}",20,0,27.403151338953535,"{0: 20, 1: 0, 2: 0, 3: 0, 4: 0}",0
689,False,"{'a': 0.6, 'e': 1.703454706828753e-90}",20,0,28.84449498284067,"{0: 20, 1: 0, 2: 0, 3: 0, 4: 0}",0
690,False,"{'a': 0.6, 'e': 1.2619502849247742e-90}",20,0,20.03931685603239,"{0: 20, 1: 0, 2: 0, 3: 0, 4: 0}",0
691,False,"{'a': 0.6, 'e': 9.348757646667581e-91}",20,12,14.442338468964028,"{0: 8, 1: 0, 2: 0, 3: 0, 4: 0}",1
692,False,"{'a': 0.6, 'e': 6.925730005388881e-91}",20,0,24.997638703944155,"{0: 20, 1: 0, 2: 0, 3: 0, 4: 0}",0
693,False,"{'a': 0.6, 'e': 5.130706979514176e-91}",25,0,30.376517467611414,"{0: 25, 1: 0, 2: 0, 3: 0, 4: 0}",0
694,False,"{'a': 0.6, 'e': 3.800921215402963e-91}",30,0,45.7869220091082,"{0: 30, 1: 0, 2: 0, 3: 0, 4: 0}",0
695,False,"{'a': 0.6, 'e': 2.8157916917462156e-91}",20,0,30.78657799143715,"{0: 20, 1: 0, 2: 0, 3: 0, 4: 0}",0
696,False,"{'a': 0.6, 'e': 2.0859897908897956e-91}",25,12,24.2976780831806,"{0: 13, 1: 0, 2: 0, 3: 0, 4: 0}",1
697,False,"{'a': 0.6, 'e': 1.545339245247207e-91}",20,0,25.990070433191164,"{0: 20, 1: 0, 2: 0, 3: 0, 4: 0}",0
698,False,"{'a': 0.6, 'e': 1.1448154700136648e-91}",30,0,37.891541023358634,"{0: 30, 1: 0, 2: 0, 3: 0, 4: 0}",0
699,False,"{'a': 0.6, 'e': 8.481001595044277e-92}",25,0,36.53942258517369,"{0: 25, 1: 0, 2: 0, 3: 0, 4: 0}",0
700,False,"{'a': 0.6, 'e': 6.282880511239513e-92}",25,0,32.165713608019445,"{0: 25, 1: 0, 2: 0, 3: 0, 4: 0}",0
701,False,"{'a': 0.6, 'e': 4.6544723610922976e-92}",30,0,39.85527153883087,"{0: 30, 1: 0, 2: 0, 3: 0, 4: 0}",0
702,False,"{'a': 0.6, 'e': 3.44811793275663e-92}",20,5,24.539626820975865,"{0: 15, 1: 0, 2: 0, 3: 0, 4: 0}",1
703,False,"{'a': 0.6, 'e': 2.55442859164549e-92}",25,0,27.568612611609446,"{0: 25, 1: 0, 2: 0, 3: 0, 4: 0}",0
704,False,"{'a': 0.6, 'e': 1.8923672441213185e-92}",20,0,22.008448322282913,"{0: 20, 1: 0, 2: 0, 3: 0, 4: 0}",0
705,False,"{'a': 0.6, 'e': 1.4019001346663213e-92}",35,21,22.34005043195694,"{0: 14, 1: 0, 2: 0, 3: 0, 4: 0}",1
706,False,"{'a': 0.6, 'e': 1.0385531633369648e-92}",30,0,34.98666282295139,"{0: 30, 1: 0, 2: 0, 3: 0, 4: 0}",0
707,False,"{'a': 0.6, 'e': 7.693791065466597e-93}",25,2,33.337196480660594,"{0: 23, 1: 0, 2: 0, 3: 0, 4: 0}",1
708,False,"{'a': 0.6, 'e': 5.699700607415863e-93}",25,0,25.846456085702037,"{0: 25, 1: 0, 2: 0, 3: 0, 4: 0}",0
709,False,"{'a': 0.6, 'e': 4.222442062404326e-93}",30,0,41.98490686551095,"{0: 30, 1: 0, 2: 0, 3: 0, 4: 0}",0
710,False,"{'a': 0.6, 'e': 3.1280620156020155e-93}",20,0,25.306424853311924,"{0: 20, 1: 0, 2: 0, 3: 0, 4: 0}",1
711,False,"{'a': 0.6, 'e': 2.317325336580353e-93}",20,0,24.492465330445196,"{0: 20, 1: 0, 2: 0, 3: 0, 4: 0}",0
712,False,"{'a': 0.6, 'e': 1.7167168325861202e-93}",30,0,32.646818568484804,"{0: 30, 1: 0, 2: 0, 3: 0, 4: 0}",0
713,False,"{'a': 0.6, 'e': 1.2717751093308042e-93}",20,13,12.113836258089314,"{0: 7, 1: 0, 2: 0, 3: 0, 4: 0}",1
714,False,"{'a': 0.6, 'e': 9.421541736017436e-94}",25,0,22.89263245316421,"{0: 25, 1: 0, 2: 0, 3: 0, 4: 0}",0
715,False,"{'a': 0.6, 'e': 6.97964978495498e-94}",25,0,23.829391488589234,"{0: 25, 1: 0, 2: 0, 3: 0, 4: 0}",0
716,False,"{'a': 0.6, 'e': 5.170651734671883e-94}",20,0,23.59484298060578,"{0: 20, 1: 0, 2: 0, 3: 0, 4: 0}",0
717,False,"{'a': 0.6, 'e': 3.8305130178444623e-94}",30,5,29.34996718826232,"{0: 25, 1: 0, 2: 0, 3: 0, 4: 0}",1
718,False,"{'a': 0.6, 'e': 2.837713838177692e-94}",25,0,28.30121718019702,"{0: 25, 1: 0, 2: 0, 3: 0, 4: 0}",0
719,False,"{'a': 0.6, 'e': 2.102230116402686e-94}",20,0,26.010507420434788,"{0: 20, 1: 0, 2: 0, 3: 0, 4: 0}",0
720,False,"{'a': 0.6, 'e': 1.5573703742969584e-94}",20,5,25.417338562713265,"{0: 15, 1: 0, 2: 0, 3: 0, 4: 0}",1
721,False,"{'a': 0.6, 'e': 1.1537283496290937e-94}",25,0,35.01099582330825,"{0: 25, 1: 0, 2: 0, 3: 0, 4: 0}",0
722,False,"{'a': 0.6, 'e': 8.547029831222801e-95}",20,0,17.83607193987033,"{0: 20, 1: 0, 2: 0, 3: 0, 4: 0}",0
723,False,"{'a': 0.6, 'e': 6.331795431680039e-95}",20,7,23.817201436051246,"{0: 13, 1: 0, 2: 0, 3: 0, 4: 0}",1
724,False,"{'a': 0.6, 'e': 4.6907094254178364e-95}",20,0,29.304761358338787,"{0: 20, 1: 0, 2: 0, 3: 0, 4: 0}",0
725,False,"{'a': 0.6, 'e': 3.474963010273005e-95}",20,13,11.479422502633197,"{0: 7, 1: 0, 2: 0, 3: 0, 4: 0}",1
726,False,"{'a': 0.6, 'e': 2.5743159142052334e-95}",25,0,30.452432420733224,"{0: 25, 1: 0, 2: 0, 3: 0, 4: 0}",0
727,False,"{'a': 0.6, 'e': 1.907100135034151e-95}",20,0,24.636361802521073,"{0: 20, 1: 0, 2: 0, 3: 0, 4: 0}",0
728,False,"{'a': 0.6, 'e': 1.4128145286978636e-95}",25,10,21.503891213264446,"{0: 15, 1: 0, 2: 0, 3: 0, 4: 0}",1
729,False,"{'a': 0.6, 'e': 1.0466387453032312e-95}",20,16,5.706191143261597,"{0: 4, 1: 0, 2: 0, 3: 0, 4: 0}",1
730,False,"{'a': 0.6, 'e': 7.753690529920855e-96}",30,0,33.12333785050656,"{0: 30, 1: 0, 2: 0, 3: 0, 4: 0}",0
731,False,"{'a': 0.6, 'e': 5.7440752220926535e-96}",20,0,27.86827307186232,"{0: 20, 1: 0, 2: 0, 3: 0, 4: 0}",0
732,False,"{'a': 0.6, 'e': 4.255315585492623e-96}",30,0,42.82667100353045,"{0: 30, 1: 0, 2: 0, 3: 0, 4: 0}",0
733,False,"{'a': 0.6, 'e': 3.1524153204838276e-96}",20,0,27.312080494680767,"{0: 20, 1: 0, 2: 0, 3: 0, 4: 0}",0
734,False,"{'a': 0.6, 'e': 2.3353667085706166e-96}",25,0,38.994933720278745,"{0: 25, 1: 0, 2: 0, 3: 0, 4: 0}",0
735,False,"{'a': 0.6, 'e': 1.7300822096826043e-96}",20,13,14.371094078491772,"{0: 7, 1: 0, 2: 0, 3: 0, 4: 0}",1
736,False,"{'a': 0.6, 'e': 1.2816764242101617e-96}",30,0,38.17607620956002,"{0: 30, 1: 0, 2: 0, 3: 0, 4: 0}",0
737,False,"{'a': 0.6, 'e': 9.494892480730785e-97}",25,0,33.602968243460936,"{0: 25, 1: 0, 2: 0, 3: 0, 4: 0}",0
738,False,"{'a': 0.6, 'e': 7.033989353139203e-97}",20,0,25.802173200232808,"{0: 20, 1: 0, 2: 0, 3: 0, 4: 0}",0
739,False,"{'a': 0.6, 'e': 5.210907476886732e-97}",20,0,18.656957329923586,"{0: 20, 1: 0, 2: 0, 3: 0, 4: 0}",0
740,False,"{'a': 0.6, 'e': 3.860335205164289e-97}",25,5,31.44253616820784,"{0: 20, 1: 0, 2: 0, 3: 0, 4: 0}",1
741,False,"{'a': 0.6, 'e': 2.859806657924803e-97}",20,0,26.01479973202348,"{0: 20, 1: 0, 2: 0, 3: 0, 4: 0}",0
742,False,"{'a': 0.6, 'e': 2.1185968798175828e-97}",20,0,19.54739383912995,"{0: 20, 1: 0, 2: 0, 3: 0, 4: 0}",0
743,False,"{'a': 0.6, 'e': 1.569495170848301e-97}",25,10,23.447354717182662,"{0: 15, 1: 0, 2: 0, 3: 0, 4: 0}",1
744,False,"{'a': 0.6, 'e': 1.1627106198363871e-97}",25,8,26.004871472505403,"{0: 17, 1: 0, 2: 0, 3: 0, 4: 0}",1
745,False,"{'a': 0.6, 'e': 8.613572125549296e-98}",25,9,26.579074463368315,"{0: 16, 1: 0, 2: 0, 3: 0, 4: 0}",1
746,False,"{'a': 0.6, 'e': 6.381091175763072e-98}",30,13,26.44707693660165,"{0: 17, 1: 0, 2: 0, 3: 0, 4: 0}",1
747,False,"{'a': 0.6, 'e': 4.72722861083661e-98}",20,4,25.73732933984157,"{0: 16, 1: 0, 2: 0, 3: 0, 4: 0}",1
748,False,"{'a': 0.6, 'e': 3.5020170882356866e-98}",30,0,34.421896546554834,"{0: 30, 1: 0, 2: 0, 3: 0, 4: 0}",0
749,False,"{'a': 0.6, 'e': 2.594358068103732e-98}",20,0,28.58575153380922,"{0: 20, 1: 0, 2: 0, 3: 0, 4: 0}",0
750,False,"{'a': 0.6, 'e': 1.9219477278238657e-98}",20,0,22.703410494974065,"{0: 20, 1: 0, 2: 0, 3: 0, 4: 0}",0
751,False,"{'a': 0.6, 'e': 1.4238138959697467e-98}",20,0,5.740455544970311,"{0: 19, 1: 0, 2: 0, 3: 1, 4: 0}",0
752,False,"{'a': 0.6, 'e': 1.0547872769942123e-98}",25,0,38.82038684997439,"{0: 25, 1: 0, 2: 0, 3: 0, 4: 0}",0
753,False,"{'a': 0.6, 'e': 7.814056337405666e-99}",25,1,34.775252232814985,"{0: 24, 1: 0, 2: 0, 3: 0, 4: 0}",1
754,False,"{'a': 0.6, 'e': 5.788795312183567e-99}",25,0,35.45165816158878,"{0: 25, 1: 0, 2: 0, 3: 0, 4: 0}",0
755,False,"{'a': 0.6, 'e': 4.2884450430624994e-99}",20,0,25.99364760909622,"{0: 20, 1: 0, 2: 0, 3: 0, 4: 0}",0
756,False,"{'a': 0.6, 'e': 3.176958226292894e-99}",25,18,13.280901658470313,"{0: 7, 1: 0, 2: 0, 3: 0, 4: 0}",1
757,False,"{'a': 0.6, 'e': 2.353548540382448e-99}",25,0,33.78287776803021,"{0: 25, 1: 0, 2: 0, 3: 0, 4: 0}",0
758,False,"{'a': 0.6, 'e': 1.7435516419741794e-99}",20,0,27.21999966709413,"{0: 20, 1: 0, 2: 0, 3: 0, 4: 0}",0
759,False,"{'a': 0.6, 'e': 1.2916548250739992e-99}",30,0,35.58596707413482,"{0: 30, 1: 0, 2: 0, 3: 0, 4: 0}",0
760,False,"{'a': 0.6, 'e': 9.568814292462757e-100}",20,3,26.040155923440576,"{0: 17, 1: 0, 2: 0, 3: 0, 4: 0}",1
761,False,"{'a': 0.6, 'e': 7.08875197817605e-100}",20,0,24.843047077755163,"{0: 20, 1: 0, 2: 0, 3: 0, 4: 0}",0
762,False,"{'a': 0.6, 'e': 5.251476627326389e-100}",25,0,33.88892000660884,"{0: 25, 1: 0, 2: 0, 3: 0, 4: 0}",0
763,False,"{'a': 0.6, 'e': 3.890389571007564e-100}",25,0,19.767605261436024,"{0: 24, 1: 1, 2: 0, 3: 0, 4: 0}",1
764,False,"{'a': 0.6, 'e': 2.8820714797525353e-100}",20,6,19.503963677968873,"{0: 14, 1: 0, 2: 0, 3: 0, 4: 0}",1
765,False,"{'a': 0.6, 'e': 2.1350910655077988e-100}",25,4,33.94767002853679,"{0: 21, 1: 0, 2: 0, 3: 0, 4: 0}",1
766,False,"{'a': 0.6, 'e': 1.5817143641429206e-100}",35,0,52.10883540098462,"{0: 35, 1: 0, 2: 0, 3: 0, 4: 0}",0
767,False,"{'a': 0.6, 'e': 1.1717628208710732e-100}",25,0,35.15459828173595,"{0: 25, 1: 0, 2: 0, 3: 0, 4: 0}",0
768,False,"{'a': 0.6, 'e': 8.68063248018699e-101}",25,20,10.927146995133054,"{0: 5, 1: 0, 2: 0, 3: 0, 4: 0}",1
1,True,"{'a': 0, 'e': 0}",20,0,20.644791844684015,"{0: 20, 1: 0, 2: 0, 3: 0, 4: 0}",0
2,True,"{'a': 0, 'e': 0}",35,16,28.47337333498077,"{0: 19, 1: 0, 2: 0, 3: 0, 4: 0}",1
3,True,"{'a': 0, 'e': 0}",25,0,29.606784655131502,"{0: 25, 1: 0, 2: 0, 3: 0, 4: 0}",0
4,True,"{'a': 0, 'e': 0}",25,0,28.962630030046604,"{0: 25, 1: 0, 2: 0, 3: 0, 4: 0}",0
5,True,"{'a': 0, 'e': 0}",35,6,41.01831028422566,"{0: 29, 1: 0, 2: 0, 3: 0, 4: 0}",1
